<chapter id="session-configuration">

    <title>ISessionFactory Configuration</title>
    
    <para>
        Because NHibernate is designed to operate in many different environments, there
        are a large number of configuration parameters. Fortunately, most have sensible
        default values and NHibernate is distributed with an example 
        <literal>App.config</literal> file (found in <literal>src\NHibernate.Test</literal>)
        that shows the various options. You usually only have to put that file in your
        project and customize it.
    </para>

    <sect1 id="configuration-programmatic">
        <title>Programmatic Configuration</title>

        <para>
            An instance of <literal>NHibernate.Cfg.Configuration</literal>
            represents an entire set of mappings of an application's .NET types to a
            SQL database. The <literal>Configuration</literal> is used to build an
            (immutable) <literal>ISessionFactory</literal>. The mappings are compiled
            from various XML mapping files.
        </para>

        <para>
            You may obtain a <literal>Configuration</literal> instance by
            instantiating it directly. Here is an example of setting up a datastore from 
            mappings defined in two XML configuration files:
        </para>

        <programlisting><![CDATA[Configuration cfg = new Configuration()
    .AddFile("Item.hbm.xml")
    .AddFile("Bid.hbm.xml");]]></programlisting>

        <para>
            An alternative (sometimes better) way is to let NHibernate load a mapping file
            from an embedded resource:
        </para>

        <programlisting><![CDATA[Configuration cfg = new Configuration()
    .AddClass(typeof(NHibernate.Auction.Item))
    .AddClass(typeof(NHibernate.Auction.Bid));]]></programlisting>

        <para>
            Then NHibernate will look for mapping files named
            <literal>NHibernate.Auction.Item.hbm.xml</literal> and
            <literal>NHibernate.Auction.Bid.hbm.xml</literal> embedded as resources in the
            assembly that the types are contained in. This approach eliminates any hardcoded
            filenames.
        </para>
        
        <para>
            Another alternative (probably the best) way is to let NHibernate load all of 
            the mapping files contained in an Assembly:
        </para>

        <programlisting><![CDATA[Configuration cfg = new Configuration()
    .AddAssembly( "NHibernate.Auction" );]]></programlisting>

        <para>
            Then NHibernate will look through the assembly for any resources that
            end with <literal>.hbm.xml</literal>.  This approach eliminates 
            any hardcoded filenames and ensures the mapping files in the assembly
            get added.
        </para>
        
        <para>
            If a tool like Visual Studio .NET or NAnt is used to build the assembly,
            then make sure that the <literal>.hbm.xml</literal> files are compiled
            into the assembly as <literal>Embedded Resources</literal>.
        </para>
        
        <para>
            A <literal>Configuration</literal> also specifies various optional properties:
        </para>

        <programlisting><![CDATA[var props = new Dictionary<string, string>();
...
Configuration cfg = new Configuration()
    .AddClass(typeof(NHibernate.Auction.Item))
    .AddClass(typeof(NHibernate.Auction.Bind))
    .SetProperties(props);]]></programlisting>

        <para>
            A <literal>Configuration</literal> is intended as a configuration-time object, to be
            discarded once an <literal>ISessionFactory</literal> is built.
        </para>

    </sect1>
    
    <sect1 id="configuration-sessionfactory">
        <title>Obtaining an ISessionFactory</title>

        <para>
            When all mappings have been parsed by the <literal>Configuration</literal>, the application
            must obtain a factory for <literal>ISession</literal> instances. This factory is intended
            to be shared by all application threads:
        </para>

        <programlisting><![CDATA[ISessionFactory sessions = cfg.BuildSessionFactory();]]></programlisting>

        <para>
            However, NHibernate does allow your application to instantiate more than one
            <literal>ISessionFactory</literal>. This is useful if you are using more than one database.
        </para>

    </sect1>

    <sect1 id="configuration-userjdbc">
        <title>User provided ADO.NET connection</title>

        <para>
            An <literal>ISessionFactory</literal> may open an <literal>ISession</literal> on 
            a user-provided ADO.NET connection. This design choice frees the application to 
            obtain ADO.NET connections wherever it pleases:
        </para>

        <programlisting><![CDATA[var conn = myApp.GetOpenConnection();
var session = sessions.OpenSession(conn);

// do some data access work]]></programlisting>

        <para>
            The application must be careful not to open two concurrent
            <literal>ISession</literal>s on the same ADO.NET connection!
        </para>

    </sect1>


    <sect1 id="configuration-hibernatejdbc">
        <title>NHibernate provided ADO.NET connection</title>

        <para>
            Alternatively, you can have the <literal>ISessionFactory</literal>
            open connections for you. The <literal>ISessionFactory</literal>
            must be provided with ADO.NET connection properties in one of the
            following ways:
        </para>

        <orderedlist spacing="compact">
            <listitem>
                <para>
                    Pass an instance of <literal>IDictionary</literal> mapping
                    property names to property values to
                    <literal>Configuration.SetProperties()</literal>.
                </para>
            </listitem>
            <listitem>
                <para>
                    Add the properties to a configuration section in the application
                    configuration file. The section should be named <literal>nhibernate</literal>
                    and its handler set to <literal>System.Configuration.NameValueSectionHandler</literal>.
                </para>
            </listitem>
            <listitem>
                <para>
                    Include <literal>&lt;property&gt;</literal> elements in a configuration
                    section in the application configuration file. The section should be named
                    <literal>hibernate-configuration</literal> and its handler set to
                    <literal>NHibernate.Cfg.ConfigurationSectionHandler</literal>.
                    The XML namespace of the section should be set to
                    <literal>urn:nhibernate-configuration-2.2</literal>.
                </para>
            </listitem>
            <listitem>
                <para>
                    Include <literal>&lt;property&gt;</literal> elements in
                    <literal>hibernate.cfg.xml</literal> (discussed later).
                </para>
            </listitem>
        </orderedlist>

        <para>
            If you take this approach, opening an <literal>ISession</literal> is as simple as:
        </para>

        <programlisting><![CDATA[ISession session = sessions.OpenSession(); // open a new Session
// do some data access work, an ADO.NET connection will be used on demand]]></programlisting>

        <para>
            All NHibernate property names and semantics are defined on the class 
            <literal>NHibernate.Cfg.Environment</literal>. We will now describe the most
            important settings for ADO.NET connection configuration.
        </para>

        <para>
            NHibernate will obtain (and pool) connections using an ADO.NET data provider
            if you set the following properties:
        </para>

        <table frame="topbot">
            <title>NHibernate ADO.NET Properties</title>
            <tgroup cols="2">
                <colspec colname="c1" colwidth="1*"/>
                <colspec colname="c2" colwidth="1*"/>
                <thead>
                    <row>
                        <entry>Property name</entry>
                        <entry>Purpose</entry>
                    </row>
                </thead>
            <tbody>
            <row>
                <entry>
                    <literal>connection.provider</literal>
                </entry>
                <entry>
                    The type of a custom <literal>IConnectionProvider</literal> implementation.
                    <para>
                        <emphasis role="strong">eg.</emphasis> 
                        <literal>full.classname.of.ConnectionProvider</literal> if the Provider 
                        is built into NHibernate, or <literal>full.classname.of.ConnectionProvider, 
                        assembly</literal> if using an implementation of <literal>IConnectionProvider</literal>
                        not included in NHibernate. The default is 
                        <literal>NHibernate.Connection.DriverConnectionProvider</literal>.
                    </para>
                </entry>
            </row>
            <row>
                <entry>
                    <literal>connection.driver_class</literal>
                </entry>
                <entry>
                    The type of a custom <literal>IDriver</literal>, if using <literal>DriverConnectionProvider</literal>.
                    <para>
                        <emphasis role="strong">eg.</emphasis>
                        <literal>full.classname.of.Driver</literal> if the Driver 
                        is built into NHibernate, or <literal>full.classname.of.Driver, assembly</literal> 
                        if using an implementation of IDriver not included in NHibernate.
                    </para>
                    <para>
                        This is usually not needed, most of the time the <literal>dialect</literal> will
                        take care of setting the <literal>IDriver</literal> using a sensible default.  See the API
                        documentation of the specific dialect for the defaults.
                    </para>
                </entry>
            </row>
            <row>
                <entry>
                    <literal>connection.connection_string</literal>
                </entry>
                <entry>
                    Connection string to use to obtain the connection.
                </entry>
            </row>
            <row>
                <entry>
                    <literal>connection.connection_string_name</literal>
                </entry>
                <entry>
                    The name of the connection string (defined in <literal>&lt;connectionStrings&gt;</literal>
                    configuration file element) to use to obtain the connection.
                </entry>
            </row>
            <row>
                <entry>
                    <literal>connection.isolation</literal>
                </entry>
                <entry>
                    Set the ADO.NET transaction isolation level. Check
                    <literal>System.Data.IsolationLevel</literal> for meaningful values
                    and the database's documentation to ensure that level is supported.
                    <para>
                        <emphasis role="strong">eg.</emphasis>
                        <literal>Chaos</literal> | <literal>ReadCommitted</literal> | <literal>ReadUncommitted</literal> |
                        <literal>RepeatableRead</literal> | <literal>Serializable</literal> | <literal>Unspecified</literal>
                    </para>
                </entry>
            </row>
            <row>
                <entry>
                    <literal>connection.release_mode</literal>
                </entry>
                <entry>
                    Specify when NHibernate should release ADO.NET connections.
                    See <xref linkend="transactions-connection-release" />.
                    <para>
                        <emphasis role="strong">eg.</emphasis> 
                        <literal>auto</literal> (default) | <literal>on_close</literal> |
                        <literal>after_transaction</literal>
                    </para>
                    <para>
                        Note that for <literal>ISession</literal>s obtained through
                        <literal>ISessionFactory.GetCurrentSession</literal>, the
                        <literal>ICurrentSessionContext</literal> implementation configured for use
                        may control the connection release mode for those <literal>ISession</literal>s.
                        See <xref linkend="architecture-current-session"/>.
                    </para>
                </entry>
            </row>
            <row>
                <entry>
                    <literal>prepare_sql</literal>
                </entry>
                <entry>
                    Specify to prepare <literal>DbCommand</literal>s generated by NHibernate.
                    Defaults to <literal>false</literal>.
                    <para>
                        <emphasis role="strong">eg.</emphasis>
                        <literal>true</literal> | <literal>false</literal>
                    </para>
                </entry>
            </row>
            <row>
                <entry>
                    <literal>command_timeout</literal>
                </entry>
                <entry>
                    Specify the default timeout in seconds of <literal>DbCommand</literal>s
                    generated by NHibernate. Negative values disable it.
                    <para>
                        <emphasis role="strong">eg.</emphasis>
                        <literal>30</literal>
                    </para>
                </entry>
            </row>
            <row>
                <entry>
                    <literal>adonet.batch_size</literal>
                </entry>
                <entry>
                    Specify the batch size to use when batching update statements. Setting this to 0
                    (the default) disables the functionality.
                    See <xref linkend="performance-batch-updates" />.
                    <para>
                        <emphasis role="strong">eg.</emphasis>
                        <literal>20</literal>
                    </para>
                </entry>
            </row>
            <row>
                <entry>
                    <literal>order_inserts</literal>
                </entry>
                <entry>
                    Enable ordering of insert statements for the purpose of more efficient batching. Defaults
                    to <literal>true</literal> if batching is enabled, <literal>false</literal> otherwise.
                    <para>
                        <emphasis role="strong">eg.</emphasis>
                        <literal>true</literal> | <literal>false</literal>
                    </para>
                </entry>
            </row>
            <row>
                <entry>
                    <literal>order_updates</literal>
                </entry>
                <entry>
                    Enable ordering of update statements for the purpose of more efficient batching. Defaults
                    to <literal>true</literal> if batching is enabled, <literal>false</literal> otherwise.
                    <para>
                        <emphasis role="strong">eg.</emphasis>
                        <literal>true</literal> | <literal>false</literal>
                    </para>
                </entry>
            </row>
            <row>
                <entry>
                    <literal>adonet.batch_versioned_data</literal>
                </entry>
                <entry>
                    If batching is enabled, specify that versioned data can also be batched. Requires a dialect which
                    batcher correctly returns rows count. Defaults to <literal>false</literal>.
                    <para>
                        <emphasis role="strong">eg.</emphasis>
                        <literal>true</literal> | <literal>false</literal>
                    </para>
                </entry>
            </row>
            <row>
                <entry>
                    <literal>adonet.factory_class</literal>
                </entry>
                <entry>
                    The class name of a <literal>IBatcherFactory</literal> implementation.
                    <para>
                        This is usually not needed, most of the time the <literal>driver</literal> will
                        take care of setting the <literal>IBatcherFactory</literal> using a sensible default
                        according to the database capabilities.
                    </para>
                    <para>
                        <emphasis role="strong">eg.</emphasis>
                        <literal>classname.of.BatcherFactory, assembly</literal>
                    </para>
                </entry>
            </row>
            <row>
                <entry>
                    <literal>adonet.wrap_result_sets</literal>
                </entry>
                <entry>
                    Some database vendor data reader implementation have inefficient columnName-to-columnIndex
                    resolution. Enabling this setting allows to wrap them in a data reader that will cache those
                    resolutions. Defaults to <literal>false</literal>.
                    <para>
                        <emphasis role="strong">eg.</emphasis>
                        <literal>true</literal> | <literal>false</literal>
                    </para>
                </entry>
            </row>
            </tbody>
            </tgroup>
        </table>

        <para>
            This is an example of how to specify the database connection properties inside a 
            <literal>web.config</literal>:
        </para>

        <programlisting id="we-config-configuration" revision="1"><![CDATA[<?xml version="1.0" encoding="utf-8" ?>
<configuration>
  <configSections>
    <section name="hibernate-configuration"
        type="NHibernate.Cfg.ConfigurationSectionHandler, NHibernate" />
  </configSections>

  <hibernate-configuration xmlns="urn:nhibernate-configuration-2.2">
    <session-factory>
      <property name="dialect">NHibernate.Dialect.MsSql2012Dialect</property>
      <property name="connection.connection_string">
        Server=(local);initial catalog=theDb;Integrated Security=SSPI
      </property>
      <property name="connection.isolation">ReadCommitted</property>
    </session-factory>
  </hibernate-configuration>

  <!-- other app specific config follows -->
</configuration>]]></programlisting>

        <para>
            NHibernate relies on the ADO.NET data provider implementation of connection pooling.
        </para>

        <para>
            You may define your own plug-in strategy for obtaining ADO.NET connections by implementing the
            interface <literal>NHibernate.Connection.IConnectionProvider</literal>. You may select
            a custom implementation by setting <literal>connection.provider</literal>.
        </para>

    </sect1>

    <sect1 id="configuration-optional">
        <title>Optional configuration properties</title>
        
        <para>
            There are a number of other properties that control the behaviour of NHibernate
            at runtime. All are optional and have reasonable default values.
        </para>

        <para>
            System-level properties can only be set manually by setting static properties of
            <literal>NHibernate.Cfg.Environment</literal> class or be defined in the
            <literal>&lt;nhibernate&gt;</literal> section of the application
            configuration file. These properties cannot be set using
            <literal>Configuration.SetProperties</literal> or be defined in the
            <literal>&lt;hibernate-configuration&gt;</literal> section of the application configuration
            file.
        </para>

        <table frame="topbot" id="configuration-optional-properties" revision="3">
            <title>NHibernate Configuration Properties</title>
            <tgroup cols="2">
                <colspec colname="c1" colwidth="1*"/>
                <colspec colname="c2" colwidth="1*"/>
                <thead>
                    <row>
                        <entry>Property name</entry>
                        <entry>Purpose</entry>
                    </row>
                </thead>
                <tbody>
                    <row>
                        <entry>
                            <literal>dialect</literal>
                        </entry>
                        <entry>
                            The class name of a NHibernate <literal>Dialect</literal> - enables
                            certain platform dependent features. See <xref linkend="configuration-optional-dialects"/>.
                            <para>
                                <emphasis role="strong">eg.</emphasis> 
                                <literal>full.classname.of.Dialect, assembly</literal>
                            </para>
                        </entry>
                    </row>
                    <row>
                        <entry>
                            <literal>default_catalog</literal>
                        </entry>
                        <entry>
                            Qualify unqualified table names with the given catalog name
                            in generated SQL.
                            <para>
                                <emphasis role="strong">eg.</emphasis>
                                <literal>CATALOG_NAME</literal>
                            </para>
                        </entry>
                    </row>
                    <row>
                        <entry>
                            <literal>default_schema</literal>
                        </entry>
                        <entry>
                            Qualify unqualified table names with the given schema/table-space
                            in generated SQL.
                            <para>
                                <emphasis role="strong">eg.</emphasis> 
                                <literal>SCHEMA_NAME</literal>
                            </para>
                        </entry>
                    </row>
                    <row>
                        <entry>
                            <literal>max_fetch_depth</literal>
                        </entry>
                        <entry>
                            Set a maximum "depth" for the outer join fetch tree
                            for single-ended associations (one-to-one, many-to-one).
                            A <literal>0</literal> disables default outer join fetching.
                            <para>
                                <emphasis role="strong">eg.</emphasis> 
                                recommended values between <literal>0</literal> and <literal>3</literal>
                            </para>
                        </entry>
                    </row>
                    <row>
                        <entry>
                            <literal>use_reflection_optimizer</literal>
                        </entry>
                        <entry>
                            Enables use of a runtime-generated class to set or get properties of an entity
                            or component instead of using runtime reflection (System-level property).
                            The use of the reflection optimizer inflicts a certain startup cost on the
                            application but should lead to better performance in the long run.
                            Defaults to <literal>true</literal>.
                            <para>
                                You can not set this property in <literal>hibernate.cfg.xml</literal>, but only
                                in <literal>&lt;hibernate-configuration&gt;</literal> section of the application
                                configuration file or by code by setting
                                <literal>NHibernate.Cfg.Environment.UseReflectionOptimizer</literal>
                                before creating any <literal>NHibernate.Cfg.Configuration</literal> instance.
                            </para>
                            <para>
                                <emphasis role="strong">eg.</emphasis> 
                                <literal>true</literal> | <literal>false</literal>
                            </para>
                        </entry>
                    </row>
                    <row>
                        <entry>
                            <literal>bytecode.provider</literal>
                        </entry>
                        <entry>
                            Specifies the bytecode provider to use to optimize the use of reflection in NHibernate.
                            Use <literal>null</literal> to disable the optimization completely, <literal>lcg</literal>
                            to use built-in lightweight code generation, or the class name of a custom
                            <literal>IBytecodeProvider</literal> implementation. Defaults to <literal>lcg</literal>.
                            <para>
                                <emphasis role="strong">eg.</emphasis>
                                <literal>null</literal> | <literal>lcg</literal> |
                                <literal>classname.of.BytecodeProvider, assembly</literal>
                            </para>
                        </entry>
                    </row>
                    <row>
                        <entry>
                            <literal>cache.use_second_level_cache</literal>
                        </entry>
                        <entry>
                            Enable the second level cache. Requires specifying a <literal>cache.provider_class</literal>.
                            See <xref linkend="caches"/>. Defaults to <literal>false</literal>.
                            <para>
                                <emphasis role="strong">eg.</emphasis>
                                <literal>true</literal> | <literal>false</literal>
                            </para>
                        </entry>
                    </row>
                    <row>
                        <entry>
                            <literal>cache.provider_class</literal>
                        </entry>
                        <entry>
                            The class name of a <literal>ICacheProvider</literal> implementation.
                            <para>
                                <emphasis role="strong">eg.</emphasis>
                                <literal>classname.of.CacheProvider, assembly</literal>
                            </para>
                        </entry>
                    </row>
                    <row>
                        <entry>
                            <literal>cache.use_minimal_puts</literal>
                        </entry>
                        <entry>
                            Optimize second-level cache operation to minimize writes, at the
                            cost of more frequent reads (useful for clustered caches).
                            Defaults to <literal>false</literal>.
                            <para>
                                <emphasis role="strong">eg.</emphasis> 
                                <literal>true</literal> | <literal>false</literal>
                            </para>
                        </entry>
                    </row>
                    <row>
                        <entry>
                            <literal>cache.use_query_cache</literal>
                        </entry>
                        <entry>
                            Enable the query cache, individual queries still have to be set cacheable.
                            Defaults to <literal>false</literal>.
                            <para>
                                <emphasis role="strong">eg.</emphasis> 
                                <literal>true</literal> | <literal>false</literal>
                            </para>
                        </entry>
                    </row>
                    <row>
                        <entry>
                            <literal>cache.query_cache_factory</literal>
                        </entry>
                        <entry>
                            The class name of a custom <literal>IQueryCacheFactory</literal> implementation.
                            Defaults to the built-in <literal>StandardQueryCacheFactory</literal>.
                            <para>
                                <emphasis role="strong">eg.</emphasis>
                                <literal>classname.of.QueryCacheFactory, assembly</literal>
                            </para>
                        </entry>
                    </row>
                    <row>
                        <entry>
                            <literal>cache.region_prefix</literal>
                        </entry>
                        <entry>
                            A prefix to use for second-level cache region names.
                            <para>
                                <emphasis role="strong">eg.</emphasis> 
                                <literal>prefix</literal>
                            </para>
                        </entry>
                    </row>
                    <row>
                        <entry>
                            <literal>cache.default_expiration</literal>
                        </entry>
                        <entry>
                            The default expiration delay in seconds for cached entries, for providers supporting
                            this setting.
                            <para>
                                <emphasis role="strong">eg.</emphasis>
                                <literal>300</literal>
                            </para>
                        </entry>
                    </row>
                    <row>
                        <entry>
                            <literal>query.substitutions</literal>
                        </entry>
                        <entry>
                            Mapping from tokens in NHibernate queries to SQL tokens
                            (tokens might be function or literal names, for example).
                            <para>
                                <emphasis role="strong">eg.</emphasis> 
                                <literal>hqlLiteral=SQL_LITERAL, hqlFunction=SQLFUNC</literal>
                            </para>
                        </entry>
                    </row>
                    <row>
                        <entry>
                            <literal>query.default_cast_length</literal>
                        </entry>
                        <entry>
                            Set the default length used in casting when the target type is length bound and
                            does not specify it. Defaults to <literal>4000</literal>, automatically trimmed down
                            according to dialect type registration.
                            <para>
                                <emphasis role="strong">eg.</emphasis>
                                <literal>255</literal>
                            </para>
                        </entry>
                    </row>
                    <row>
                        <entry>
                            <literal>query.default_cast_precision</literal>
                        </entry>
                        <entry>
                            Set the default precision used in casting when the target type is decimal and
                            does not specify it. Defaults to <literal>28</literal>, automatically trimmed down
                            according to dialect type registration.
                            <para>
                                <emphasis role="strong">eg.</emphasis>
                                <literal>19</literal>
                            </para>
                        </entry>
                    </row>
                    <row>
                        <entry>
                            <literal>query.default_cast_scale</literal>
                        </entry>
                        <entry>
                            Set the default scale used in casting when the target type is decimal and
                            does not specify it. Defaults to <literal>10</literal>, automatically trimmed down
                            according to dialect type registration.
                            <para>
                                <emphasis role="strong">eg.</emphasis>
                                <literal>5</literal>
                            </para>
                        </entry>
                    </row>
                    <row>
                        <entry>
                            <literal>query.startup_check</literal>
                        </entry>
                        <entry>
                            Should named queries be checked during startup (the default is enabled).
                            <para>
                                <emphasis role="strong">eg.</emphasis>
                                <literal>true</literal> | <literal>false</literal>
                            </para>
                        </entry>
                    </row>
                    <row>
                        <entry>
                            <literal>query.factory_class</literal>
                        </entry>
                        <entry>
                            The class name of a custom <literal>IQueryTranslatorFactory</literal> implementation
                            (HQL query parser factory). Defaults to the built-in
                            <literal>ASTQueryTranslatorFactory</literal>.
                            <para>
                                <emphasis role="strong">eg.</emphasis>
                                <literal>classname.of.QueryTranslatorFactory, assembly</literal>
                            </para>
                        </entry>
                    </row>
                    <row>
                        <entry>
                            <literal>query.linq_provider_class</literal>
                        </entry>
                        <entry>
                            The class name of a custom <literal>INhQueryProvider</literal> implementation
                            (LINQ provider). Defaults to the built-in <literal>DefaultQueryProvider</literal>.
                            <para>
                                <emphasis role="strong">eg.</emphasis>
                                <literal>classname.of.LinqProvider, assembly</literal>
                            </para>
                        </entry>
                    </row>
                    <row>
                        <entry>
                            <literal>query.query_model_rewriter_factory</literal>
                        </entry>
                        <entry>
                            The class name of a custom <literal>IQueryModelRewriterFactory</literal> implementation
                            (LINQ query model rewriter factory). Defaults to <literal>null</literal> (no rewriter).
                            <para>
                                <emphasis role="strong">eg.</emphasis>
                                <literal>classname.of.QueryModelRewriterFactory, assembly</literal>
                            </para>
                        </entry>
                    </row>
                    <row>
                        <entry>
                            <literal>linqtohql.generatorsregistry</literal>
                        </entry>
                        <entry>
                            The class name of a custom <literal>ILinqToHqlGeneratorsRegistry</literal> implementation.
                            Defaults to the built-in <literal>DefaultLinqToHqlGeneratorsRegistry</literal>. See
                            <xref linkend="querylinq-extending-generator"/>.
                            <para>
                                <emphasis role="strong">eg.</emphasis>
                                <literal>classname.of.LinqToHqlGeneratorsRegistry, assembly</literal>
                            </para>
                        </entry>
                    </row>
                    <row>
                        <entry>
                            <literal>sql_exception_converter</literal>
                        </entry>
                        <entry>
                            The class name of a custom <literal>ISQLExceptionConverter</literal> implementation.
                            Defaults to <literal>Dialect.BuildSQLExceptionConverter()</literal>.
                            <para>
                                <emphasis role="strong">eg.</emphasis>
                                <literal>classname.of.SQLExceptionConverter, assembly</literal>
                            </para>
                        </entry>
                    </row>
                    <row>
                        <entry>
                            <literal>show_sql</literal>
                        </entry>
                        <entry>
                            Write all SQL statements to console. Defaults to <literal>false</literal>.
                            <para>
                                <emphasis role="strong">eg.</emphasis> 
                                <literal>true</literal> | <literal>false</literal>
                            </para>
                        </entry>
                    </row>
                    <row>
                        <entry>
                            <literal>format_sql</literal>
                        </entry>
                        <entry>
                            Log formatted SQL. Defaults to <literal>false</literal>.
                            <para>
                                <emphasis role="strong">eg.</emphasis>
                                <literal>true</literal> | <literal>false</literal>
                            </para>
                        </entry>
                    </row>
                    <row>
                        <entry>
                            <literal>use_sql_comments</literal>
                        </entry>
                        <entry>
                            Generate SQL with comments. Defaults to <literal>false</literal>.
                            <para>
                                <emphasis role="strong">eg.</emphasis>
                                <literal>true</literal> | <literal>false</literal>
                            </para>
                        </entry>
                    </row>
                    <row>
                        <entry>
                            <literal>hbm2ddl.auto</literal>
                        </entry>
                        <entry>
                            Automatically export schema DDL to the database when the
                            <literal>ISessionFactory</literal> is created. With
                            <literal>create-drop</literal>, the database schema
                            will be dropped when the <literal>ISessionFactory</literal>
                            is closed explicitly.
                            <para>
                                <emphasis role="strong">eg.</emphasis> 
                                <literal>create</literal> | <literal>create-drop</literal>
                            </para>
                        </entry>
                    </row>
                    <row>
                        <entry>
                            <literal>hbm2ddl.keywords</literal>
                        </entry>
                        <entry>
                            Automatically import <literal>reserved/keywords</literal> from the database when the
                            <literal>ISessionFactory</literal> is created.
                            <para>
                                <emphasis role="strong">none :</emphasis>
                                disable any operation regarding RDBMS KeyWords (the default).
                            </para>
                            <para>
                                <emphasis role="strong">keywords :</emphasis>
                                imports all RDBMS KeyWords where the <literal>Dialect</literal> can provide the implementation of <literal>IDataBaseSchema</literal>.
                            </para>
                            <para>
                                <emphasis role="strong">auto-quote :</emphasis>
                                imports all RDBMS KeyWords and auto-quote all table-names/column-names.
                            </para>
                            <para>
                                <emphasis role="strong">eg.</emphasis>
                                <literal>none</literal> | <literal>keywords</literal> | <literal>auto-quote</literal>
                            </para>
                        </entry>
                    </row>
                    <row>
                        <entry>
                            <literal>use_proxy_validator</literal>
                        </entry>
                        <entry>
                            Enables or disables validation of interfaces or classes specified
                            as proxies. Enabled by default.
                            <para>
                                <emphasis role="strong">eg.</emphasis> 
                                <literal>true</literal> | <literal>false</literal>
                            </para>
                        </entry>
                    </row>
                    <row>
                        <entry>
                            <literal>proxyfactory.factory_class</literal>
                        </entry>
                        <entry>
                            The class name of a custom <literal>IProxyFactoryFactory</literal> implementation.
                            Defaults to the built-in <literal>DefaultProxyFactoryFactory</literal>.
                            <para>
                                <emphasis role="strong">eg.</emphasis>
                                <literal>classname.of.ProxyFactoryFactory, assembly</literal>
                            </para>
                        </entry>
                    </row>
                    <row>
                        <entry>
                            <literal>collectiontype.factory_class</literal>
                        </entry>
                        <entry>
                            The class name of a custom <literal>ICollectionTypeFactory</literal> implementation.
                            Defaults to the built-in <literal>DefaultCollectionTypeFactory</literal>.
                            <para>
                                <emphasis role="strong">eg.</emphasis>
                                <literal>classname.of.CollectionTypeFactory, assembly</literal>
                            </para>
                        </entry>
                    </row>
                    <row>
                        <entry>
                            <literal>transaction.factory_class</literal>
                        </entry>
                        <entry>
                            The class name of a custom <literal>ITransactionFactory</literal> implementation.
                            Defaults to the built-in <literal>AdoNetWithSystemTransactionFactory</literal>.
                            <para>
                                <emphasis role="strong">eg.</emphasis> 
                                <literal>classname.of.TransactionFactory, assembly</literal>
                            </para>
                        </entry>
                    </row>
                    <row>
                        <entry>
                            <literal>transaction.use_connection_on_system_prepare</literal>
                        </entry>
                        <entry>
                            When a system transaction is being prepared, is using connection during this process enabled?
                            <para>
                              Default is <literal>true</literal>, for supporting <literal>FlushMode.Commit</literal> with transaction factories
                              supporting system transactions. But this requires enlisting additional connections, retaining disposed
                              sessions and their connections until transaction end, and may trigger undesired transaction promotions to
                              distributed.
                            </para>
                            <para>
                              Set to <literal>false</literal> for disabling using connections from system
                              transaction preparation, while still benefiting from <literal>FlushMode.Auto</literal> on querying.
                            </para>
                            <para>
                              See <xref linkend="transactions-scopes"/>.
                            </para>
                            <para>
                                <emphasis role="strong">eg.</emphasis>
                                <literal>true</literal> | <literal>false</literal>
                            </para>
                        </entry>
                    </row>
                    <row>
                        <entry>
                            <literal>transaction.system_completion_lock_timeout</literal>
                        </entry>
                        <entry>
                            Timeout duration in milliseconds for the system transaction completion lock.
                            <para>
                                When a system transaction completes, it may have its completion events running on concurrent threads,
                                after scope disposal. This occurs when the transaction is distributed.
                                This notably concerns <literal>ISessionImplementor.AfterTransactionCompletion(bool, ITransaction)</literal>.
                                NHibernate protects the session from being concurrently used by the code following the scope disposal
                                with a lock. To prevent any application freeze, this lock has a default timeout of five seconds. If the
                                application appears to require longer (!) running transaction completion events, this setting allows to
                                raise this timeout. <literal>-1</literal> disables the timeout.
                            </para>
                            <para>
                                <emphasis role="strong">eg.</emphasis>
                                <literal>10000</literal>
                            </para>
                        </entry>
                    </row>
                    <row>
                        <entry>
                            <literal>default_flush_mode</literal>
                        </entry>
                        <entry>
                            The default <literal>FlushMode</literal>, <literal>Auto</literal> when not specified.
                            See <xref linkend="manipulatingdata-flushing"/>.
                            <para>
                                <emphasis role="strong">eg.</emphasis>
                                <literal>Manual</literal> | <literal>Commit</literal> | <literal>Auto</literal> | <literal>Always</literal>
                            </para>
                        </entry>
                    </row>
                    <row>
                        <entry>
                            <literal>default_batch_fetch_size</literal>
                        </entry>
                        <entry>
                            The default batch fetch size to use when lazily loading an entity or collection.
                            Defaults to <literal>1</literal>. See <xref linkend="performance-fetching-batch"/>.
                            <para>
                                <emphasis role="strong">eg.</emphasis>
                                <literal>20</literal>
                            </para>
                        </entry>
                    </row>
                    <row>
                        <entry>
                            <literal>current_session_context_class</literal>
                        </entry>
                        <entry>
                            The class name of an <literal>ICurrentSessionContext</literal> implementation.
                            See <xref linkend="architecture-current-session"/>.
                            <para>
                                <emphasis role="strong">eg.</emphasis>
                                <literal>classname.of.CurrentSessionContext, assembly</literal>
                            </para>
                        </entry>
                    </row>
                    <row>
                        <entry>
                            <literal>id.optimizer.pooled.prefer_lo</literal>
                        </entry>
                        <entry>
                            When using an enhanced id generator and pooled optimizers (see
                            <xref linkend="mapping-declaration-id-enhanced"/>), prefer interpreting the database
                            value as the lower (lo) boundary. The default is to interpret it as the high boundary.
                            <para>
                                <emphasis role="strong">eg.</emphasis>
                                <literal>true</literal> | <literal>false</literal>
                            </para>
                        </entry>
                    </row>
                    <row>
                        <entry>
                            <literal>generate_statistics</literal>
                        </entry>
                        <entry>
                            Enable statistics collection within <literal>ISessionFactory.Statistics</literal> property.
                            Defaults to <literal>false</literal>.
                            <para>
                                <emphasis role="strong">eg.</emphasis>
                                <literal>true</literal> | <literal>false</literal>
                            </para>
                        </entry>
                    </row>
                    <row>
                        <entry>
                            <literal>sql_types.keep_datetime</literal>
                        </entry>
                        <entry>
                            Since NHibernate v5.0 and if the dialect supports it, <literal>DbType.DateTime2</literal>
                            is used instead of <literal>DbType.DateTime</literal>. This may be disabled by setting
                            <literal>sql_types.keep_datetime</literal> to <literal>true</literal>.
                            Defaults to <literal>false</literal>.
                            <para>
                                <emphasis role="strong">eg.</emphasis>
                                <literal>true</literal> | <literal>false</literal>
                            </para>
                        </entry>
                    </row>
                    <row>
                        <entry>
                            <literal>oracle.use_n_prefixed_types_for_unicode</literal>
                        </entry>
                        <entry>
                            <para>Oracle has a dual Unicode support model.</para>
                            <para>
                                Either the whole database use an Unicode encoding, and then all string types
                                will be Unicode. In such case, Unicode strings should be mapped to non <literal>N</literal> prefixed
                                types, such as <literal>Varchar2</literal>. This is the default.
                            </para>
                            <para>
                                Or <literal>N</literal> prefixed types such as <literal>NVarchar2</literal> are to be used for Unicode strings, the
                                others type are using a non Unicode encoding. In such case this setting needs to be set to
                                <literal>true</literal>.
                            </para>
                            <para>
                                See
                                <ulink url="https://docs.oracle.com/cd/B19306_01/server.102/b14225/ch6unicode.htm#CACHCAHF">Implementing
                                a Unicode Solution in the Database</ulink>.
                                This setting applies only to Oracle dialects and ODP.Net managed or unmanaged driver.
                            </para>
                            <para>
                                <emphasis role="strong">eg.</emphasis>
                                <literal>true</literal> | <literal>false</literal>
                            </para>
                        </entry>
                    </row>
                    <row>
                        <entry>
                            <literal>odbc.explicit_datetime_scale</literal>
                        </entry>
                        <entry>
                            This may need to be set to <literal>3</literal> if you are using the <literal>OdbcDriver</literal>
                            with MS SQL Server 2008+.
                            <para>
                                This is intended to work around issues like:
                                <programlisting>System.Data.Odbc.OdbcException :
ERROR [22008]
[Microsoft][SQL Server Native Client 11.0]
Datetime field overflow. Fractional second
precision exceeds the scale specified
in the parameter binding.</programlisting>
                            </para>
                            <para>
                                <emphasis role="strong">eg.</emphasis>
                                <literal>3</literal>
                            </para>
                        </entry>
                    </row>
                </tbody>
            </tgroup>
        </table>

        <sect2 id="configuration-optional-dialects">
            <title>SQL Dialects</title>

            <para>
                You should always set the <literal>dialect</literal> property to the correct
                <literal>NHibernate.Dialect.Dialect</literal> subclass for your database. This is not
                strictly essential unless you wish to use <literal>native</literal> or
                <literal>sequence</literal> primary key generation or pessimistic locking (with, eg.
                <literal>ISession.Lock()</literal> or <literal>IQuery.SetLockMode()</literal>).
                However, if you specify a dialect, NHibernate will use sensible defaults for some of the
                other properties listed above, saving you the effort of specifying them manually.
            </para>

            <table frame="topbot" id="sql-dialects" revision="2">
                <title>NHibernate SQL Dialects (<literal>dialect</literal>)</title>
                <tgroup cols="3">
                    <colspec colwidth="1*"/>
                    <colspec colwidth="2.5*"/>
                    <colspec colwidth="2.5*"/>
                    <thead>
                        <row>
                            <entry>RDBMS</entry>
                            <entry>Dialect</entry>
                            <entry>Remarks</entry>
                        </row>
                    </thead>
                    <tbody>
                        <row>
                            <entry>DB2</entry> 
                            <entry><literal>NHibernate.Dialect.DB2Dialect</literal></entry>
                            <entry></entry>
                        </row>
                        <row>
                            <entry>DB2 for iSeries (OS/400)</entry> 
                            <entry><literal>NHibernate.Dialect.DB2400Dialect</literal></entry>
                            <entry></entry>
                        </row>
                        <row>
                            <entry>Firebird</entry>
                            <entry><literal>NHibernate.Dialect.FirebirdDialect</literal></entry>
                            <entry>
                                Set <literal>driver_class</literal> to
                                <literal>NHibernate.Driver.FirebirdClientDriver</literal>
                                for Firebird ADO.NET provider 2.0.
                            </entry>
                        </row>
                        <row>
                            <entry>Informix</entry>
                            <entry><literal>NHibernate.Dialect.InformixDialect</literal></entry>
                            <entry></entry>
                        </row>
                        <row>
                            <entry>Informix 9.40</entry>
                            <entry><literal>NHibernate.Dialect.InformixDialect0940</literal></entry>
                            <entry></entry>
                        </row>
                        <row>
                            <entry>Informix 10.00</entry>
                            <entry><literal>NHibernate.Dialect.InformixDialect1000</literal></entry>
                            <entry></entry>
                        </row>
                        <row>
                            <entry>Ingres</entry>
                            <entry><literal>NHibernate.Dialect.IngresDialect</literal></entry>
                            <entry></entry>
                        </row>
                        <row>
                            <entry>Ingres 9</entry>
                            <entry><literal>NHibernate.Dialect.Ingres9Dialect</literal></entry>
                            <entry></entry>
                        </row>
                        <row>
                            <entry>Microsoft SQL Server 7</entry>
                            <entry><literal>NHibernate.Dialect.MsSql7Dialect</literal></entry>
                            <entry></entry>
                        </row>
                        <row>
                            <entry>Microsoft SQL Server 2000</entry>
                            <entry><literal>NHibernate.Dialect.MsSql2000Dialect</literal></entry>
                            <entry></entry>
                        </row>
                        <row>
                            <entry>Microsoft SQL Server 2005</entry>
                            <entry><literal>NHibernate.Dialect.MsSql2005Dialect</literal></entry>
                            <entry></entry>
                        </row>
                        <row>
                            <entry>Microsoft SQL Server 2008</entry>
                            <entry><literal>NHibernate.Dialect.MsSql2008Dialect</literal></entry>
                            <entry></entry>
                        </row>
                        <row>
                            <entry>Microsoft SQL Azure Server 2008</entry>
                            <entry><literal>NHibernate.Dialect.MsSqlAzure2008Dialect</literal></entry>
                            <entry></entry>
                        </row>
                        <row>
                            <entry>Microsoft SQL Server 2012</entry>
                            <entry><literal>NHibernate.Dialect.MsSql2012Dialect</literal></entry>
                            <entry></entry>
                        </row>
                        <row>
                            <entry>Microsoft SQL Server Compact Edition</entry>
                            <entry><literal>NHibernate.Dialect.MsSqlCeDialect</literal></entry>
                        </row>
                        <row>
                            <entry>Microsoft SQL Server Compact Edition 4.0</entry>
                            <entry><literal>NHibernate.Dialect.MsSqlCe40Dialect</literal></entry>
                        </row>
                        <row>
                            <entry>MySQL 3 or 4</entry> 
                            <entry><literal>NHibernate.Dialect.MySQLDialect</literal></entry>
                            <entry></entry>
                        </row>
                        <row>
                            <entry>MySQL 5</entry>
                            <entry><literal>NHibernate.Dialect.MySQL5Dialect</literal></entry>
                            <entry></entry>
                        </row>
                        <row>
                            <entry>MySQL 5 Inno DB</entry>
                            <entry><literal>NHibernate.Dialect.MySQL5InnoDBDialect</literal></entry>
                            <entry></entry>
                        </row>
                        <row>
                            <entry>MySQL 5.5</entry>
                            <entry><literal>NHibernate.Dialect.MySQL55Dialect</literal></entry>
                            <entry></entry>
                        </row>
                        <row>
                            <entry>MySQL 5.5 Inno DB</entry>
                            <entry><literal>NHibernate.Dialect.MySQL55InnoDBDialect</literal></entry>
                            <entry></entry>
                        </row>
                        <row>
                            <entry>Oracle</entry> 
                            <entry><literal>NHibernate.Dialect.Oracle8iDialect</literal></entry>
                            <entry></entry>
                        </row>
                        <row>
                            <entry>Oracle 9i</entry> 
                            <entry><literal>NHibernate.Dialect.Oracle9iDialect</literal></entry>
                            <entry></entry>
                        </row>
                        <row>
                            <entry>Oracle 10g, Oracle 11g</entry> 
                            <entry><literal>NHibernate.Dialect.Oracle10gDialect</literal></entry>
                            <entry></entry>
                        </row>
                        <row>
                            <entry>Oracle 12c</entry> 
                            <entry><literal>NHibernate.Dialect.Oracle12cDialect</literal></entry>
                            <entry></entry>
                        </row>
                        <row>
                            <entry>PostgreSQL</entry>
                            <entry><literal>NHibernate.Dialect.PostgreSQLDialect</literal></entry>
                            <entry></entry>
                        </row>
                        <row>
                            <entry>PostgreSQL</entry>
                            <entry><literal>NHibernate.Dialect.PostgreSQLDialect</literal></entry>
                            <entry>
                            </entry>
                        </row>
                        <row>
                            <entry>PostgreSQL 8.1</entry>
                            <entry><literal>NHibernate.Dialect.PostgreSQL81Dialect</literal></entry>
                            <entry>
                                This dialect supports <literal>FOR UPDATE NOWAIT</literal>
                                available in PostgreSQL 8.1.
                            </entry>
                        </row>
                        <row>
                            <entry>PostgreSQL 8.2</entry>
                            <entry><literal>NHibernate.Dialect.PostgreSQL82Dialect</literal></entry>
                            <entry>
                                This dialect supports <literal>IF EXISTS</literal> keyword in
                                <literal>DROP TABLE</literal> and <literal>DROP SEQUENCE</literal>
                                available in PostgreSQL 8.2.
                            </entry>
                        </row>
                        <row>
                            <entry>PostgreSQL 8.3</entry>
                            <entry><literal>NHibernate.Dialect.PostgreSQL83Dialect</literal></entry>
                            <entry>
                                This dialect supports <literal>XML</literal> type.
                            </entry>
                        </row>
                        <row>
                            <entry>SQLite</entry>
                            <entry><literal>NHibernate.Dialect.SQLiteDialect</literal></entry>
                            <entry>
                                Set <literal>driver_class</literal> to
                                <literal>NHibernate.Driver.SQLite20Driver</literal>
                                for System.Data.SQLite provider for .NET 2.0.
                                <para>
                                    Due to
                                    <ulink url="https://system.data.sqlite.org/index.html/tktview/44a0955ea344a777ffdbcc077831e1adc8b77a36">the
                                    behavior of System.Data.SQLite</ulink> with <literal>DateTime</literal>, consider using
                                    <literal>DateTimeFormatString=yyyy-MM-dd HH:mm:ss.FFFFFFF;</literal> in the SQLite
                                    connection string for preventing undesired time shifts with its default configuration.
                                </para>
                            </entry>
                        </row>
                        <row>
                            <entry>Sybase Adaptive Server Anywhere 9</entry>
                            <entry><literal>NHibernate.Dialect.SybaseASA9Dialect</literal></entry>
                            <entry></entry>
                        </row>
                        <row>
                            <entry>Sybase Adaptive Server Enterprise 15</entry>
                            <entry><literal>NHibernate.Dialect.SybaseASE15Dialect</literal></entry>
                            <entry></entry>
                        </row>
                        <row>
                            <entry>Sybase SQL Anywhere 10</entry>
                            <entry><literal>NHibernate.Dialect.SybaseSQLAnywhere10Dialect</literal></entry>
                            <entry></entry>
                        </row>
                        <row>
                            <entry>Sybase SQL Anywhere 11</entry>
                            <entry><literal>NHibernate.Dialect.SybaseSQLAnywhere11Dialect</literal></entry>
                            <entry></entry>
                        </row>
                        <row>
                            <entry>Sybase SQL Anywhere 12</entry>
                            <entry><literal>NHibernate.Dialect.SybaseSQLAnywhere12Dialect</literal></entry>
                            <entry></entry>
                        </row>
                    </tbody>
                </tgroup>
            </table>

            <para>
                Additional dialects may be available in the NHibernate.Dialect namespace.
            </para>

        </sect2>

        <sect2 id="configuration-optional-outerjoin">
            <title>Outer Join Fetching</title>

            <para>
                If your database supports ANSI or Oracle style outer joins, <emphasis>outer join
                fetching</emphasis> might increase performance by limiting the number of round
                trips to and from the database (at the cost of possibly more work performed by
                the database itself). Outer join fetching allows a graph of objects connected
                by many-to-one, one-to-many or one-to-one associations to be retrieved in a single
                SQL <literal>SELECT</literal>.
            </para>

            <para>
                By default, the fetched graph when loading an objects ends at leaf objects,
                collections, objects with proxies, or where circularities occur.
            </para>

            <para>
                For a <emphasis>particular  association</emphasis>, fetching may be configured
                (and the default behaviour overridden) by setting the <literal>fetch</literal>
                attribute in the XML mapping.
            </para>

            <para>
                Outer join fetching may be disabled <emphasis>globally</emphasis> by setting
                the property <literal>max_fetch_depth</literal> to <literal>0</literal>.
                A setting of <literal>1</literal> or higher enables outer join fetching for
                one-to-one and many-to-one associations which have been mapped with
                <literal>fetch="join"</literal>.
            </para>
            
            <para>
                See <xref linkend="performance-fetching"/> for more information.
            </para>

            <para>
                In NHibernate 1.0, <literal>outer-join</literal> attribute could be used to achieve
                a similar effect. This attribute is now deprecated in favor of <literal>fetch</literal>.
            </para>

        </sect2>

        <sect2 id="configuration-optional-cacheprovider">
            <title>Custom <literal>ICacheProvider</literal></title>

            <para>
                You may integrate a process-level (or clustered) second-level cache system by
                implementing the interface <literal>NHibernate.Cache.ICacheProvider</literal>.
                You may select the custom implementation by setting
                <literal>cache.provider_class</literal>. See the 
                <xref linkend="performance-cache"/> for more details.
            </para>

        </sect2>

        <sect2 id="configuration-optional-querysubstitution">
            <title>Query Language Substitution</title>

            <para>
                You may define new NHibernate query tokens using <literal>query.substitutions</literal>.
                For example:
            </para>

            <programlisting>query.substitutions true=1, false=0</programlisting>

            <para>
                would cause the tokens <literal>true</literal> and <literal>false</literal> to be translated to
                integer literals in the generated SQL.
            </para>

            <programlisting>query.substitutions toLowercase=LOWER</programlisting>

            <para>
                would allow you to rename the SQL <literal>LOWER</literal> function.
            </para>

        </sect2>

    </sect1>

    <sect1 id="configuration-logging">
        <title>Logging</title>

        <para>
            NHibernate logs various events using Apache log4net.
        </para>

        <para>
            You may download log4net from <ulink url="https://logging.apache.org/log4net/" />,
            or install it with NuGet.
            To use log4net you will need a <literal>log4net</literal> configuration section in
            the application configuration file.  An example of the configuration section is
            distributed with NHibernate in the <literal>src/NHibernate.Test</literal> project.
        </para>

        <para>
            We strongly recommend that you familiarize yourself with NHibernate's log
            messages. A lot of work has been put into making the NHibernate log as
            detailed as possible, without making it unreadable. It is an essential
            troubleshooting device. Also don't forget to enable SQL logging as
            described above (<literal>show_sql</literal>), it is your first
            step when looking for performance problems.
        </para>
        
    </sect1>

    <sect1 id="configuration-namingstrategy">
        <title>Implementing an <literal>INamingStrategy</literal></title>

        <para>
            The interface <literal>NHibernate.Cfg.INamingStrategy</literal> allows you
            to specify a "naming standard" for database objects and schema elements.
        </para>

        <para>
            You may provide rules for automatically generating database identifiers from
            .NET identifiers or for processing "logical" column and table names given in
            the mapping file into  "physical" table and column names. This feature helps
            reduce the verbosity of the mapping document, eliminating repetitive noise
            (<literal>TBL_</literal> prefixes, for example). The default strategy used by
            NHibernate is quite minimal.
        </para>

        <para>
            You may specify a different strategy by calling
            <literal>Configuration.SetNamingStrategy()</literal> before adding mappings:
        </para>

        <programlisting><![CDATA[ISessionFactory sf = new Configuration()
    .SetNamingStrategy(ImprovedNamingStrategy.Instance)
    .AddFile("Item.hbm.xml")
    .AddFile("Bid.hbm.xml")
    .BuildSessionFactory();]]></programlisting>
    
        <para>
            <literal>NHibernate.Cfg.ImprovedNamingStrategy</literal> is a built-in
            strategy that might be a useful starting point for some applications.
        </para>

    </sect1>

    <sect1 id="configuration-xmlconfig">
        <title>XML Configuration File</title>

        <para>
            An alternative approach is to specify a full configuration in a file named
            <literal>hibernate.cfg.xml</literal>. This file can be used as a replacement
            for the <literal>&lt;nhibernate;&gt;</literal> or <literal>&lt;hibernate-configuration&gt;</literal>
            sections of the application configuration file.
        </para>

        <para>
            The XML configuration file is by default expected to be in your application directory.
            Here is an example:
        </para>

        <programlisting><![CDATA[<?xml version='1.0' encoding='utf-8'?>
<hibernate-configuration xmlns="urn:nhibernate-configuration-2.2">

  <!-- an ISessionFactory instance -->
  <session-factory>

    <!-- properties -->
    <property name="connection.connection_string">
      Server=localhost;initial catalog=nhibernate;User Id=;Password=
    </property>
    <property name="show_sql">false</property>
    <property name="dialect">NHibernate.Dialect.MsSql2012Dialect</property>

    <!-- mapping files -->
    <mapping resource="NHibernate.Auction.Item.hbm.xml" assembly="NHibernate.Auction" />
    <mapping resource="NHibernate.Auction.Bid.hbm.xml" assembly="NHibernate.Auction" />

  </session-factory>

</hibernate-configuration>]]></programlisting>

       <para>
           Configuring NHibernate is then as simple as
       </para>

       <programlisting><![CDATA[ISessionFactory sf = new Configuration().Configure().BuildSessionFactory();]]></programlisting>

       <para>
           You can pick a different XML configuration file using
       </para>

       <programlisting id="configuration-xmlconfig-ex3" revision="1"><![CDATA[ISessionFactory sf = new Configuration()
    .Configure("/path/to/config.cfg.xml")
    .BuildSessionFactory();]]></programlisting>

    </sect1>

</chapter>

