<!-- <!DOCTYPE chapter SYSTEM "../docbook-xml/docbookx.dtd"> -->
<chapter id="mapping-attributes">
	<title>NHibernate.Mapping.Attributes</title>


	<abstract id="mapping-attributes-abstract">
		<title>What is NHibernate.Mapping.Attributes?</title>
		<formalpara>
			<title>NHibernate.Mapping.Attributes is an add-in for <ulink url="http://nhibernate.info/">NHibernate</ulink> contributed by Pierre Henri Kuat&eacute; (aka <emphasis>KPixel</emphasis>); the former implementation was made by John Morris.</title>
			<para>NHibernate require mapping streams to bind your domain model to your database. Usually, they are written (and maintained) in separated hbm.xml files.</para>
		</formalpara>
		<para>With NHibernate.Mapping.Attributes, you can use .NET attributes to decorate your entities and these attributes will be used to generate these mapping .hbm.xml (as files or streams). So you will no longer have to bother with these <emphasis>nasty</emphasis> xml files ;).</para>
		<formalpara>
			<title>Content of this library</title>
			<para>
				<orderedlist>
					<listitem>
						<para>
							<emphasis role="strong">NHibernate.Mapping.Attributes</emphasis>: That the only project you need (as end-user)</para>
					</listitem>
					<listitem>
						<para>
							<emphasis role="strong">Test</emphasis>: a working sample using attributes and HbmSerializer as NUnit TestFixture</para>
					</listitem>
					<listitem>
						<para>
							<emphasis role="strong">Generator</emphasis>: The program used to generate attributes and HbmWriter</para>
					</listitem>
					<listitem>
						<para>
							<ulink url="http://mbunit.tigris.org/">
								<emphasis role="strong">Refly</emphasis>
							</ulink>: Thanks to <ulink url="http://www.dotnetwiki.org/">Jonathan de Halleux</ulink> for this library which make it so easy to generate code</para>
					</listitem>
				</orderedlist>
			</para>
		</formalpara>
		<para>
			<important>
				<para>
					This library is generated using the file <filename>/src/NHibernate.Mapping.Attributes/nhibernate-mapping.xsd</filename>
					(which is embedded in the assembly to be able to validate generated XML streams).
					As this file can change at each new release of NHibernate, you should regenerate it before using it
					with a different version (open the Generator solution, compile and run the Generator project).
					But, no test has been done with versions prior to 0.8.
				</para>
			</important>
		</para>
	</abstract>


	<section id="mapping-attributes-new">
		<title>What's new?</title>
		<formalpara>
			<title>NHibernate</title>
			<para>introduces many new features, improvements and changes:</para>
		</formalpara>
		<orderedlist>
			<listitem>
				<para>It is possible to import classes by simply decorating them with <literal>[Import] class ImportedClass1 {}</literal>. Note that you must use <literal>HbmSerializer.Serialize(assembly)</literal>; The <literal>&lt;import/&gt;</literal> mapping will be added before the classes mapping. If you prefer to keep these imports in the class using them, you can specify them all on the class: <literal>[Import(ClassType=typeof(ImportedClass1))] class Query {}</literal>.</para>
			</listitem>
			<listitem>
				<para><classname>[RawXmlAttribute]</classname> is a new attribute allowing to insert xml as-is in the mapping. This feature can be very useful to do complex mapping (eg: components). It may also be used to quickly move the mapping from xml files to attributes. Usage: <literal>[RawXml(After=typeof(ComponentAttribute), Content="&lt;component name="..."&gt;...&lt;/component&gt;")]</literal>. <methodname>After</methodname> tells after which kind of mapping the xml should be inserted (generally, it is the type of the mapping you are inserting); it is optional (in which case the xml is inserted on the top of the mapping). Note: At the moment, all raw xmls are prefixed by a <literal>&lt;!----&gt;</literal> (in the generated stream); this is a known side-effect.</para>
			</listitem>
			<listitem>
				<para><classname>[AttributeIdentifierAttribute]</classname> is a new attribute allowing to provide the value of a defined "place holder". Eg: <programlisting>
public class Base {
    [Id(..., Column="{{Id.Column}}")]
    [AttributeIdentifier(Name="Id.Column", Value="ID")] // Default value
    public int Id { ... }
}
[AttributeIdentifier(Name="Id.Column", Value="SUB_ID")]
[Class] public class MappedSubClass : Base { }</programlisting>
				The idea is that, when you have a mapping which is shared by many subclasses but which has minor differences (like different column names), you can put the mapping in the base class with place holders on these fields and give their values in subclasses. Note that this is possible for any mapping field taking a string (column, name, type, access, etc.). And, instead of <methodname>Value</methodname>, you can use <methodname>ValueType</methodname> or <methodname>ValueObject</methodname> (if you use an enum, you can control its formatting with <methodname>ValueObject</methodname>).
				</para>
				<para>The "place holder" is defined like this: <literal>{{XXX}}</literal>. If you don't want to use these double curly brackets, you can change them using the properties <methodname>StartQuote</methodname> and <methodname>EndQuote</methodname> of the class <classname>HbmWriter</classname>.</para>
			</listitem>
			<listitem>
				<para>It is possible to register patterns (using Regular Expressions) to automatically transform fully qualified names of properties types into something else. Eg: <literal>HbmSerializer.Default.HbmWriter.Patterns.Add(@"Namespace.(\S+), Assembly", "$1");</literal> will map all properties with a not-qualified type name.</para>
			</listitem>
			<listitem>
				<para>Two methods have been added to allow writing: <literal>cfg.AddInputStream( HbmSerializer.Default.Serialize(typeof(XXX)) )</literal> and <literal>cfg.AddInputStream( HbmSerializer.Default.Serialize(typeof(XXX).Assembly) )</literal>. So it is no longer required to create a MemoryStream for these simple cases.</para>
			</listitem>
			<listitem>
				<para>Two <methodname>WriteUserDefinedContent()</methodname> methods have been added to <classname>HbmWriter</classname>. They improve the extensibility of this library; it is now very easy to create a .NET attribute and integrate it in the mapping.</para>
			</listitem>
			<listitem>
				<para>Attributes <classname>[(Jcs)Cache]</classname>, <classname>[Discriminator]</classname> and <classname>[Key]</classname> can be specified at class-level.</para>
			</listitem>
			<listitem>
				<para>Interfaces can be mapped (just like classes and structs).</para>
			</listitem>
			<listitem>
				<para>A notable "bug" fix is the re-ordering of (joined-)subclasses; This operation may be required when a subclass extends another subclass. In this case, the extended class mapping must come before the extending class mapping. Note that the re-ordering takes place only for "top-level" classes (that is not nested in other mapped classes). Anyway, it is quite unusual to put a interdependent mapped subclasses in a mapped class.</para>
			</listitem>
			<listitem>
				<para>There are also many other little changes; refer to the release notes for more details.</para>
			</listitem>
		</orderedlist>
	</section>



	<section id="mapping-attributes-howto">
		<title>How to use it?</title>
		<formalpara>
			<title>The <emphasis>end-user class</emphasis> is <classname>NHibernate.Mapping.Attributes.HbmSerializer</classname></title>
			<para>This class <emphasis>serialize</emphasis> your domain model to mapping streams. You can either serialize classes one by one or an assembly. Look at <classname>NHibernate.Mapping.Attributes.Test</classname> project for a working sample.</para>
		</formalpara>
		<para>The first step is to decorate your entities with attributes; you can use: <classname>[Class]</classname>, <classname>[Subclass]</classname>, <classname>[JoinedSubclass]</classname> or <classname>[Component]</classname>. Then, you decorate your members (fields/properties); they can take as many attributes as required by your mapping. Eg:</para>
		<programlisting>
    [NHibernate.Mapping.Attributes.Class]
    public class Example
    {
        [NHibernate.Mapping.Attributes.Property]
        public string Name;
    }</programlisting>
		<para>After this step, you use <classname>NHibernate.Mapping.Attributes.HbmSerializer</classname>: (here, we use <methodname>Default</methodname> which is an instance you can use if you don't need/want to create it yourself).</para>
		<programlisting>NHibernate.Cfg.Configuration cfg = new NHibernate.Cfg.Configuration();
    cfg.Configure();
    // Enable validation (optional)
    NHibernate.Mapping.Attributes.HbmSerializer.Default.Validate = true;
    // Here, we serialize all decorated classes (but you can also do it class by class)
    cfg.AddInputStream( NHibernate.Mapping.Attributes.HbmSerializer.Default.Serialize(
        System.Reflection.Assembly.GetExecutingAssembly() ); );
    // Now you can use this configuration to build your SessionFactory...</programlisting>
		<note>
			<para>
				As you can see here: NHibernate.Mapping.Attributes is <emphasis role="strong">not</emphasis> (really) intrusive.
				Setting attributes on your objects doesn't force you to use them with NHibernate and doesn't break any constraint on your architecture.
				Attributes are purely informative (like documentation)!
			</para>
		</note>
	</section>


	<section id="mapping-attributes-tips">
		<title>Tips</title>
		<orderedlist>
			<listitem>
				<para>In production, it is recommended to generate a XML mapping file from NHibernate.Mapping.Attributes and use this file each time the SessionFactory need to be built. Use: <literal>HbmSerializer.Default.Serialize(typeof(XXX).Assembly, "DomainModel.hbm.xml");</literal> It is slightly faster.</para>
			</listitem>
			<listitem>
				<para>Use <methodname>HbmSerializer.Validate</methodname> to enable/disable the validation of generated xml streams (against NHibernate mapping schema); this is useful to quickly find errors (they are written in StringBuilder <methodname>HbmSerializer.Error</methodname>). If the error is due to this library then see if it is a know issue and report it; you can contribute a solution if you solve the problem :)</para>
			</listitem>
			<listitem>
				<para>Your classes, fields and properties (members) can be private; just make sure that you have the permission to access private members using reflection (<methodname>ReflectionPermissionFlag.MemberAccess</methodname>).</para>
			</listitem>
			<listitem>
				<para>Members of a mapped classes are also seek in its base classes (until we reach <emphasis>mapped</emphasis> base class). So you can decorate some members of a (not mapped) base class and use it in its (mapped) sub class(es).</para>
			</listitem>
			<listitem>
				<para>For a Name taking a <classname>System.Type</classname>, set the type with <methodname>Name</methodname><literal>="xxx"</literal> (as <classname>string</classname>) or <methodname>Name</methodname><literal>Type=typeof(xxx)</literal>; (add "<literal>Type</literal>" to "<methodname>Name</methodname>")</para>
			</listitem>
			<listitem>
				<para>By default, .NET attributes don't keep the order of attributes; so you need to set it yourself when the order matter (using the first parameter of each attribute); it is <emphasis>highly</emphasis> recommended to set it when you have more than one attribute on the same member.</para>
			</listitem>
			<listitem>
				<para>As long as there is no ambiguity, you can decorate a member with many unrelated attributes. A good example is to put class-related attributes (like <literal>&lt;discriminator&gt;</literal>) on the identifier member. But don't forget that the order matters (the <literal>&lt;discriminator&gt;</literal> must be after the <literal>&lt;id&gt;</literal>). The order used comes from the order of elements in the NHibernate mapping schema. Personally, I prefer using negative numbers for these attributes (if they come before!).</para>
			</listitem>
			<listitem>
				<para>You can add <classname>[HibernateMapping]</classname> on your classes to specify <literal>&lt;hibernate-mapping&gt;</literal> attributes (used when serializing the class in its stream). You can also use <methodname>HbmSerializer.Hbm*</methodname> properties (used when serializing an assembly or a type that is not decorated with <classname>[HibernateMapping]</classname>).</para>
			</listitem>
			<listitem>
				<para>Instead of using a string for <methodname>DiscriminatorValue</methodname> (in <classname>[Class]</classname> and <classname>[Subclass]</classname>), you can use any object you want. Example: <programlisting>[Subclass(DiscriminatorValueEnumFormat="d", DiscriminatorValueObject=DiscEnum.Val1)]</programlisting> Here, the object is an Enum, and you can set the format you want (the default value is "g"). Note that you must put it <emphasis role="strong">before</emphasis>! For others types, It simply use the <methodname>ToString()</methodname> method of the object.</para>
			</listitem>
			<listitem>
				<para>Each stream generated by NHibernate.Mapping.Attributes can contain a comment with the date of the generation; You may enable/disable this by using the property <methodname>HbmSerializer.WriteDateComment</methodname>.</para>
			</listitem>
			<listitem>
				<para>If you forget to provide a required xml attribute, it will obviously throw an exception while generating the mapping.</para>
			</listitem>
			<listitem>
				<para>The recommended and easiest way to map <classname>[Component]</classname> is to use <classname>[ComponentProperty]</classname>. The first step is to put <classname>[Component]</classname> on the component class and map its fields/properties. Note that you shouldn't set the <methodname>Name</methodname> in <classname>[Component]</classname>. Then, on each member in your classes, add <classname>[ComponentProperty]</classname>. But you can't override <methodname>Access</methodname>, <methodname>Update</methodname> or <methodname>Insert</methodname> for each member.</para>
				<para>There is a working example in <emphasis>NHibernate.Mapping.Attributes.Test</emphasis> (look for the class <classname>CompAddress</classname> and its usage in others classes).</para>
			</listitem>
			<listitem>
				<para>Another way to map <classname>[Component]</classname> is to use the way this library works: If a mapped class contains a mapped component, then this component will be include in the class. <emphasis>NHibernate.Mapping.Attributes.Test</emphasis> contains the classes <classname>JoinedBaz</classname> and <classname>Stuff</classname> which both use the component <classname>Address</classname>.</para>
				<para>Basically, it is done by adding <programlisting>[Component(Name = "MyComp")] private class SubComp : Comp {}</programlisting> in each class. One of the advantages is that you can override <methodname>Access</methodname>, <methodname>Update</methodname> or <methodname>Insert</methodname> for each member. But you have to add the component subclass in <emphasis role="strong">each</emphasis> class (and it can not be inherited). Another advantage is that you can use <classname>[AttributeIdentifier]</classname>.</para>
			</listitem>
			<listitem>
				<para>Finally, whenever you think that it is easier to write the mapping in XML (this is often the case for <classname>[Component]</classname>), you can use <classname>[RawXml]</classname>.</para>
			</listitem>
			<listitem>
				<formalpara><title>About customization</title>
					<para><classname>HbmSerializer</classname> uses <classname>HbmWriter</classname> to serialize each kind of attributes. Their methods are virtual; so you can create a subclass and override any method you want (to change its default behavior).</para>
				</formalpara>
				<para>Use the property <methodname>HbmSerializer.HbmWriter</methodname> to change the writer used (you may set a subclass of <classname>HbmWriter</classname>).</para>
			</listitem>
		</orderedlist>
		<para>Example using some this tips: (0, 1 and 2 are position indexes)
<programlisting>// Don't put it after [ManyToOne] !!!
    [NHibernate.Mapping.Attributes.Id(0, TypeType=typeof(int))]
        [NHibernate.Mapping.Attributes.Generator(1, Class="uuid.hex")]
    [NHibernate.Mapping.Attributes.ManyToOne(2,
        ClassType=typeof(Foo), OuterJoin=OuterJoinStrategy.True)]
    private Foo Entity;</programlisting>
			Generates:
<programlisting><![CDATA[
    <id type="Int32">
        <generator class="uuid.hex" />
    </id>
    <many-to-one name="Entity" class="Namespaces.Foo, SampleAssembly" outer-join="true" />
]]></programlisting>
		</para>
	</section>


	<section id="mapping-attributes-todo">
		<title>Known issues and TODOs</title>
		<para>First, read TODOs in the source code ;)</para>

		<para>A <methodname>Position</methodname> property has been added to all attributes to order them. But there is still a problem:</para>
		<para>When a parent element "p" has a child element "x" that is also the child element of another child element "c" of "p" (preceding "x") :D
Illustration:<programlisting><![CDATA[<p>
    <c>
        <x />
    </c>
    <x />
</p>]]></programlisting>
		</para>
		<para>In this case, when writing:
			<programlisting>[Attributes.P(0)]
    [Attributes.C(1)]
        [Attributes.X(2)]
    [Attributes.X(3)]
public MyType MyProperty;</programlisting>
		X(3) will always belong to C(1) ! (as X(2)).
		</para>
		<para>It is the case for <literal>&lt;dynamic-component&gt;</literal> and <literal>&lt;nested-composite-element&gt;</literal>.</para>
		<para>Another bad news is that, currently, XML elements coming after this elements can not be included in them. Eg: There is no way put a collection in <literal>&lt;dynamic-component&gt;</literal>. The reason is that the file <filename>nhibernate-mapping.xsd</filename> tells how elements are built and in which order, and NHibernate.Mapping.Attributes use this order.</para>
		<para>Anyway, the solution would be to add a <methodname>int ParentNode</methodname> property to BaseAttribute so that you can create a real graph...</para>
		<para>For now, you can fallback on <classname>[RawXml]</classname>.</para>

		<para>Actually, there is no other know issue nor planned modification. This library should be stable and complete; but if you find a bug or think of an useful improvement, contact us!</para>
		<para>On side note, it would be nice to write a better TestFixture than <emphasis>NHibernate.Mapping.Attributes.Test</emphasis> :D</para>
	</section>


	<section id="mapping-attributes-devnotes">
		<title>Developer Notes</title>
		<para>Any change to the schema (<filename>nhibernate-mapping.xsd</filename>) implies:</para>
		<orderedlist>
			<listitem>
				<para>Checking if there is any change to do in the Generator (like updating KnowEnums / AllowMultipleValue / IsRoot / IsSystemType / IsSystemEnum / CanContainItself)</para>
			</listitem>
			<listitem>
				<para>Updating <filename>/src/NHibernate.Mapping.Attributes/nhibernate-mapping.xsd</filename> (copy/paste) and running the Generator again (even if it wasn't modified)</para>
			</listitem>
			<listitem>
				<para>Running the Test project and make sure that no exception is thrown. A class/property should be modified/added in this project to be sure that any new breaking change will be caught (=> update the reference hbm.xml files and/or the project <filename>NHibernate.Mapping.Attributes.csproj</filename>)</para>
			</listitem>
		</orderedlist>
		<para>This implementation is based on NHibernate mapping schema; so there is probably lot of "standard schema features" that are not supported...</para>
		<para>The version of NHibernate.Mapping.Attributes should be the version of the NHibernate schema used to generate it (=> the version of NHibernate library).</para>
		<para>In the design of this project, performance is a (<emphasis>very</emphasis>) minor goal :) Easier implementation and maintenance are far more important because you can (and should) avoid to use this library in production (Cf. the first tip in <xref linkend="mapping-attributes-tips"/>).</para>
	</section>


</chapter>
