<?xml version="1.0" ?>
<project xmlns="http://nant.sf.net/release/0.85-rc3/nant.xsd">

  <description>
		<![CDATA[
		This file contains common tasks tailored specifically for the NHibernate
		build process. The goal was to define all the actions in this file, so
		that actual project build files only have to configure a few variables
		and call tasks in this file.

		Usage

		<property name="root.dir" value="../.." />;
		<include buildfile="${root.dir}/build-common/common-project.xml" />;

		These lines should be placed at the top level under the <project>
		element. Property root.dir defines a relative path to the root of the
		distribution, that is, NHibernate directory.

		After including the file, a target should be defined to initialize
		configuration variables according to the project being built.
		The standard name of this target is init (but any other name can be chosen).
		The init target should depend on (or call) target common.init defined
		in this file.

		Other predefined targets are:

			- common.compile-all
				compile a solution, generating the documentation file (.xml)

			- common.run-tests
				run compiled NUnit tests.

		All compile/run targets put the output in bin.dir. Common.compile*
		targets use source fileset with id="project.sources", assembly fileset
		with id="project.references" and resource fileset with id="project.resources"
		to compile the project. The source and resource filesets are optional and
		default to **/*.cs files and no files respectively.
		]]>
	</description>

	<include buildfile="common.xml" />

	<target name="common.download-nuget" depends="common.init">
		<get 
			src="https://dist.nuget.org/win-x86-commandline/latest/nuget.exe" 
			dest="${tools.dir}/nuget.exe" 
			usetimestamp="true"
		/>
	</target>

	<target name="common.nuget-restore" depends="common.init common.download-nuget">
		<exec basedir="${tools.dir}" workingdir="${root.dir}/Tools" program="NuGet.exe">
			<arg value="install" />
		</exec>
	</target>

	<target name="common.solution-restore" depends="common.nuget-restore">
		<exec program="${path::combine(tools.dir, 'msbuild.cmd')}" verbose="true">
			<arg value="/t:Restore" />
			<arg value="${root.dir}/src/NHibernate.sln" />
		</exec> 
	</target>

	<target name="common.compile-all" depends="common.nuget-restore nuget.set-properties">
		<!--property name="msbuild.cmd" value="${cmd.sln} ${cmd.out} ${cmd.platform} ${cmd.debug} ${cmd.optimize} ${cmd.doc} /t:Rebuild /v:q /m" /-->		
		<exec program="${path::combine(tools.dir, 'msbuild.cmd')}" verbose="true">
				<arg value="${root.dir}/src/NHibernate.sln" />
				<arg value="/p:OutputPath=&quot;${path::get-full-path(bin.dir)}&quot;" />
				<arg value="/p:Platform=&quot;Any CPU&quot;" />
				<arg value="/p:Configuration=&quot;Debug&quot;" if="${build.debug == 'true'}" />
				<arg value="/p:Configuration=&quot;Release&quot;" if="${build.release == 'true'}" />
				<arg value="/p:GeneratePackageOnBuild=&quot;True&quot;" />
				<arg value="/p:IncludeSymbols=&quot;True&quot;" />
				<arg value="/p:IncludeSource=&quot;True&quot;" />
				<arg value="/p:PackageOutputPath=&quot;${path::get-full-path(nuget.nupackages.dir)}&quot;" />
				<arg value="/t:Restore" />
				<arg value="/t:Rebuild" />
				<arg value="/v:q" />
				<arg value="/m" />
		</exec> 
	</target>

	<target name="common.run-tests"
		description="Run NUnit tests">
		<call target="common.find-nunit" unless="${property::exists('nunit.found')}" />
		<property name="common.run-tests.failonerror" value="${not property::exists(test.file + '.IgnoreFail')}"/>
		<property name="common.run-tests.x86" value="--x86" unless="${property::exists('nunit-x64')}" />
		<property name="common.run-tests.x86" value="" if="${property::exists('nunit-x64')}" />
		<property name="common.run-tests.teamcity" value="--teamcity" if="${property::exists('config.teamcity')}" />
		<property name="common.run-tests.teamcity" value="" unless="${property::exists('common.run-tests.teamcity')}" />
		<exec program="${nunit-console}" failonerror="${common.run-tests.failonerror}">
			<arg line="${bin.dir}/${test.file}.dll --result=${testresults.dir}/${test.file}.dll-results.xml;format=nunit2 --framework=${framework::get-target-framework()} ${common.run-tests.teamcity} ${common.run-tests.x86}" />
		</exec>

	</target>

	<target name="common.run-database-tests"
		depends="common.put-connection-settings-into-app-config common.run-tests common.remove-connection-settings-from-app-config" />

	<target name="common.put-connection-settings-into-app-config">
		<property name="app.config" value="${bin.dir}/${test.file}.dll.config" />
		<call target="common.put-connection-settings-into-defined-app-config" />
	</target>

	<target name="common.put-connection-settings-into-defined-app-config">

		<!-- make sure the config file is writable -->
		<attrib file="${app.config}" readonly="false" />

		<!-- 
			Tell nhibernate how to connect to the test database.
		-->
		<xmlpoke file="${app.config}"
			xpath="//*/hbm:property[@name='dialect']"
			value="${nhibernate.dialect}">
			<namespaces>
				<namespace prefix="hbm" uri="urn:nhibernate-configuration-2.2" />
			</namespaces>
		</xmlpoke>

		<xmlpoke file="${app.config}"
			xpath="//*/hbm:property[@name='command_timeout']"
			value="${nhibernate.command_timeout}">
			<namespaces>
				<namespace prefix="hbm" uri="urn:nhibernate-configuration-2.2" />
			</namespaces>
		</xmlpoke>

		<xmlpoke file="${app.config}"
			xpath="//*/hbm:property[@name='connection.driver_class']"
			value="${nhibernate.connection.driver_class}">
			<namespaces>
				<namespace prefix="hbm" uri="urn:nhibernate-configuration-2.2" />
			</namespaces>
		</xmlpoke>
		<xmlpoke file="${app.config}"
			xpath="//*/hbm:property[@name='connection.connection_string']"
			value="${nhibernate.connection.connection_string}">
			<namespaces>
				<namespace prefix="hbm" uri="urn:nhibernate-configuration-2.2" />
			</namespaces>
		</xmlpoke>
		
		<!-- Make sure the property exists - it's only set for some scenarios. -->
		<property name="nhibernate.odbc.explicit_datetime_scale" value="" unless="${property::exists('nhibernate.odbc.explicit_datetime_scale')}"/>
		<xmlpoke file="${app.config}"
			xpath="//*/hbm:property[@name='odbc.explicit_datetime_scale']"
			value="${nhibernate.odbc.explicit_datetime_scale}">
			<namespaces>
				<namespace prefix="hbm" uri="urn:nhibernate-configuration-2.2" />
			</namespaces>
		</xmlpoke>
	</target>

	<target name="common.remove-connection-settings-from-app-config">
		<property name="app.config" value="${bin.dir}/${test.file}.dll.config" />

		<xmlpoke
			file="${app.config}"
			xpath="/configuration/nhibernate/add[@key='hibernate.connection.connection_string']/@value"
			value="conn string here" 
		/>
	</target>

</project>
