<?xml version="1.0" encoding="US-ASCII"?>
<l:l10n xmlns:l="http://docbook.sourceforge.net/xmlns/l10n/1.0" language="tr" english-language-name="Turkish">

<!-- This file is generated automatically. -->
<!-- Do not edit this file by hand! -->
<!-- See http://docbook.sourceforge.net/ -->
<!-- To update this file: edit the corresponding document at -->
<!-- http://cvs.sourceforge.net/cgi-bin/viewcvs.cgi/docbook/gentext/locale/ -->

   <l:gentext key="Abstract" text="&#214;zet"/>
   <l:gentext key="abstract" text="&#214;zet"/>
   <l:gentext key="Answer" text="Cevap:"/>
   <l:gentext key="answer" text="Cevap:"/>
   <l:gentext key="Appendix" text="Ek"/>
   <l:gentext key="appendix" text="ek"/>
   <l:gentext key="Article" text="Makale"/>
   <l:gentext key="article" text="Makale"/>
   <l:gentext key="Bibliography" text="Kaynak&#231;a"/>
   <l:gentext key="bibliography" text="Kaynak&#231;a"/>
   <l:gentext key="Book" text="Kitap"/>
   <l:gentext key="book" text="Kitap"/>
   <l:gentext key="CAUTION" text="D&#304;KKAT"/>
   <l:gentext key="Caution" text="Dikkat"/>
   <l:gentext key="caution" text="Dikkat"/>
   <l:gentext key="Chapter" text="B&#246;l&#252;m"/>
   <l:gentext key="chapter" text="b&#246;l&#252;m"/>
   <l:gentext key="Colophon" text="Kitap hakk&#305;nda"/>
   <l:gentext key="colophon" text="Kitap hakk&#305;nda"/>
   <l:gentext key="Copyright" text="Telif Hakk&#305;"/>
   <l:gentext key="copyright" text="Telif Hakk&#305;"/>
   <l:gentext key="Dedication" text="&#304;thaf"/>
   <l:gentext key="dedication" text="&#304;thaf"/>
   <l:gentext key="Edition" text="Bask&#305;"/>
   <l:gentext key="edition" text="Bask&#305;"/>
   <l:gentext key="Equation" text="Denklem"/>
   <l:gentext key="equation" text="Denklem"/>
   <l:gentext key="Example" text="&#214;rnek"/>
   <l:gentext key="example" text="&#214;rnek"/>
   <l:gentext key="Figure" text="&#350;ekil"/>
   <l:gentext key="figure" text="&#350;ekil"/>
   <l:gentext key="Glossary" text="S&#246;zl&#252;k"/>
   <l:gentext key="glossary" text="S&#246;zl&#252;k"/>
   <l:gentext key="GlossSee" text="Bkz."/>
   <l:gentext key="glosssee" text="Bkz."/>
   <l:gentext key="GlossSeeAlso" text="Bkz."/>
   <l:gentext key="glossseealso" text="Bkz."/>
   <l:gentext key="IMPORTANT" text="&#214;NEML&#304;"/>
   <l:gentext key="important" text="&#214;nemli"/>
   <l:gentext key="Important" text="&#214;nemli"/>
   <l:gentext key="Index" text="Dizin"/>
   <l:gentext key="index" text="Dizin"/>
   <l:gentext key="ISBN" text="ISBN"/>
   <l:gentext key="isbn" text="ISBN"/>
   <l:gentext key="LegalNotice" text="Yasal Uyar&#305;"/>
   <l:gentext key="legalnotice" text="Yasal Uyar&#305;"/>
   <l:gentext key="MsgAud" text="Hedef Okuyucu"/>
   <l:gentext key="msgaud" text="Hedef Okuyucu"/>
   <l:gentext key="MsgLevel" text="Level"/>
   <l:gentext key="msglevel" text="D&#252;zey"/>
   <l:gentext key="MsgOrig" text="D&#252;zey"/>
   <l:gentext key="msgorig" text="Kaynak"/>
   <l:gentext key="NOTE" text="NOT"/>
   <l:gentext key="Note" text="Not"/>
   <l:gentext key="note" text="Not"/>
   <l:gentext key="Part" text="K&#305;s&#305;m"/>
   <l:gentext key="part" text="K&#305;s&#305;m"/>
   <l:gentext key="Preface" text="&#214;ns&#246;z"/>
   <l:gentext key="preface" text="&#214;ns&#246;z"/>
   <l:gentext key="Procedure" text="Y&#246;nerge"/>
   <l:gentext key="procedure" text="Y&#246;nerge"/>
   <l:gentext key="ProductionSet" text="Prod&#252;ksiyon"/>
   <l:gentext key="PubDate" text="Yay&#305;mlanma Tarihi"/>
   <l:gentext key="pubdate" text="Yay&#305;mlanma Tarihi"/>
   <l:gentext key="Published" text="Yay&#305;mlanma"/>
   <l:gentext key="published" text="Yay&#305;mlanma"/>
   <l:gentext key="Qandadiv" text="S ve C"/>
   <l:gentext key="qandadiv" text="S ve C"/>
   <l:gentext key="Question" text="Soru:"/>
   <l:gentext key="question" text="Soru:"/>
   <l:gentext key="RefEntry" text=""/>
   <l:gentext key="refentry" text=""/>
   <l:gentext key="Reference" text="Referans"/>
   <l:gentext key="reference" text="Referans"/>
   <l:gentext key="RefName" text="Referans Ad&#305;"/>
   <l:gentext key="refname" text="Referans Ad&#305;"/>
   <l:gentext key="RefSection" text=""/>
   <l:gentext key="refsection" text=""/>
   <l:gentext key="RefSynopsisDiv" text="Synopsis"/>
   <l:gentext key="refsynopsisdiv" text="Synopsis"/>
   <l:gentext key="RevHistory" text="Bask&#305; Tarih&#231;esi"/>
   <l:gentext key="revhistory" text="Bask&#305; Tarih&#231;esi"/>
   <l:gentext key="revision" text="Bask&#305;"/>
   <l:gentext key="Revision" text="Bask&#305;"/>
   <l:gentext key="sect1" text="K&#305;s&#305;m"/>
   <l:gentext key="sect2" text="K&#305;s&#305;m"/>
   <l:gentext key="sect3" text="K&#305;s&#305;m"/>
   <l:gentext key="sect4" text="K&#305;s&#305;m"/>
   <l:gentext key="sect5" text="K&#305;s&#305;m"/>
   <l:gentext key="section" text="K&#305;s&#305;m"/>
   <l:gentext key="Section" text="K&#305;s&#305;m"/>
   <l:gentext key="see" text="Bkz."/>
   <l:gentext key="See" text="Bkz."/>
   <l:gentext key="seealso" text="Bkz."/>
   <l:gentext key="Seealso" text="Bak&#305;n&#305;z"/>
   <l:gentext key="SeeAlso" text="Bak&#305;n&#305;z"/>
   <l:gentext key="set" text="Tak&#305;m"/>
   <l:gentext key="Set" text="Tak&#305;m"/>
   <l:gentext key="setindex" text="Tak&#305;m Dizini"/>
   <l:gentext key="SetIndex" text="Tak&#305;m Dizini"/>
   <l:gentext key="Sidebar" text=""/>
   <l:gentext key="sidebar" text="sidebar"/>
   <l:gentext key="step" text="ad&#305;m"/>
   <l:gentext key="Step" text="Ad&#305;m"/>
   <l:gentext key="Table" text="Tablo"/>
   <l:gentext key="table" text="Tablo"/>
   <l:gentext key="tip" text="&#304;pucu"/>
   <l:gentext key="TIP" text="&#304;PUCU"/>
   <l:gentext key="Tip" text="&#304;pucu"/>
   <l:gentext key="Warning" text="Uyar&#305;"/>
   <l:gentext key="warning" text="Uyar&#305;"/>
   <l:gentext key="WARNING" text="UYARI"/>
   <l:gentext key="and" text="ve"/>
   <l:gentext key="by" text="by"/>
   <l:gentext key="called" text="called"/>
   <l:gentext key="Edited" text="Yay&#305;na haz&#305;rlayan"/>
   <l:gentext key="edited" text="yay&#305;na haz&#305;rlayan"/>
   <l:gentext key="Editedby" text="Yay&#305;na haz&#305;rlayan"/>
   <l:gentext key="editedby" text="yay&#305;na haz&#305;rlayan"/>
   <l:gentext key="in" text="in"/>
   <l:gentext key="lastlistcomma" text=","/>
   <l:gentext key="listcomma" text=","/>
   <l:gentext key="nonexistantelement" text="varolmayan eleman"/>
   <l:gentext key="notes" text="Notlar"/>
   <l:gentext key="Notes" text="Notlar"/>
   <l:gentext key="Pgs" text="Sayfa"/>
   <l:gentext key="pgs" text="Sayfa"/>
   <l:gentext key="Revisedby" text="D&#252;zeltmeler: "/>
   <l:gentext key="revisedby" text="D&#252;zeltmeler: "/>
   <l:gentext key="TableNotes" text="Notlar"/>
   <l:gentext key="tablenotes" text="Notlar"/>
   <l:gentext key="TableofContents" text="&#304;&#231;indekiler"/>
   <l:gentext key="tableofcontents" text="&#304;&#231;indekiler"/>
   <l:gentext key="the" text=""/>
   <l:gentext key="unexpectedelementname" text="Beklenmeyen eleman ad&#305;"/>
   <l:gentext key="unsupported" text="desteklenmiyor"/>
   <l:gentext key="xrefto" text="xref to"/>
   <l:gentext key="listofequations" text="Denklemler"/>
   <l:gentext key="ListofEquations" text="Denklemler"/>
   <l:gentext key="ListofExamples" text="&#214;rnekler"/>
   <l:gentext key="listofexamples" text="&#214;rnekler"/>
   <l:gentext key="ListofFigures" text="&#350;ekiller"/>
   <l:gentext key="listoffigures" text="&#350;ekiller"/>
   <l:gentext key="ListofProcedures" text="Y&#246;nergeler"/>
   <l:gentext key="listofprocedures" text="Y&#246;nergeler"/>
   <l:gentext key="listoftables" text="Tablolar"/>
   <l:gentext key="ListofTables" text="Tablolar"/>
   <l:gentext key="ListofUnknown" text="Bilinmeyenler"/>
   <l:gentext key="listofunknown" text="Bilinmeyenler"/>
   <l:gentext key="nav-home" text="Ba&#351;lang&#305;&#231;"/>
   <l:gentext key="nav-next" text="Sonraki"/>
   <l:gentext key="nav-next-sibling" text="Sonraki B&#246;l&#252;m"/>
   <l:gentext key="nav-prev" text="&#214;nceki"/>
   <l:gentext key="nav-prev-sibling" text="&#214;nceki B&#246;l&#252;m"/>
   <l:gentext key="nav-up" text="Yukar&#305;"/>
   <l:gentext key="nav-toc" text="&#304;&#231;indekiler"/>
   <l:gentext key="Draft" text="Taslak"/>
   <l:gentext key="above" text="&#252;st&#252;nde"/>
   <l:gentext key="below" text="alt&#305;nda"/>
   <l:gentext key="sectioncalled" text="the section called"/>
   <l:gentext key="index symbols" text="Semboller"/>
   <l:gentext key="lowercase.alpha" text="abc&#231;defg&#287;h&#305;ijklmno&#246;prs&#351;tu&#252;vyz"/>
   <l:gentext key="uppercase.alpha" text="ABC&#199;DEFG&#286;HI&#304;JKLMNO&#214;PRS&#350;TU&#220;VYZ"/>
   <l:dingbat key="startquote" text="&#8220;"/>
   <l:dingbat key="endquote" text="&#8221;"/>
   <l:dingbat key="nestedstartquote" text="&#8216;"/>
   <l:dingbat key="nestedendquote" text="&#8217;"/>
   <l:dingbat key="singlestartquote" text="&#8216;"/>
   <l:dingbat key="singleendquote" text="&#8217;"/>
   <l:dingbat key="bullet" text="&#8226;"/>
   <l:gentext key="hyphenation-character" text="-"/>
   <l:gentext key="hyphenation-push-character-count" text="3"/>
   <l:gentext key="hyphenation-remain-character-count" text="2"/>

   <l:context name="styles">
      <l:template name="person-name" text="first-last"/>
   </l:context>

   <l:context name="title">
      <l:template name="abstract" text="%t"/>
      <l:template name="answer" text="%t"/>
      <l:template name="appendix" text="Ek %n. %t"/>
      <l:template name="article" text="%t"/>
      <l:template name="authorblurb" text="%t"/>
      <l:template name="bibliodiv" text="%t"/>
      <l:template name="biblioentry" text="%t"/>
      <l:template name="bibliography" text="%t"/>
      <l:template name="bibliolist" text="%t" lang="en"/>
      <l:template name="bibliomixed" text="%t"/>
      <l:template name="bibliomset" text="%t"/>
      <l:template name="biblioset" text="%t"/>
      <l:template name="blockquote" text="%t"/>
      <l:template name="book" text="%t"/>
      <l:template name="calloutlist" text="%t"/>
      <l:template name="caution" text="%t"/>
      <l:template name="chapter" text="B&#246;l&#252;m %n. %t"/>
      <l:template name="colophon" text="%t"/>
      <l:template name="dedication" text="%t"/>
      <l:template name="equation" text="Denklem %n. %t"/>
      <l:template name="example" text="&#214;rnek %n. %t"/>
      <l:template name="figure" text="&#350;ekil %n. %t"/>
      <l:template name="formalpara" text="%t"/>
      <l:template name="glossary" text="%t"/>
      <l:template name="glossdiv" text="%t"/>
      <l:template name="glosslist" text="%t" lang="en"/>
      <l:template name="glossentry" text="%t"/>
      <l:template name="important" text="%t"/>
      <l:template name="index" text="%t"/>
      <l:template name="indexdiv" text="%t"/>
      <l:template name="itemizedlist" text="%t"/>
      <l:template name="legalnotice" text="%t"/>
      <l:template name="listitem" text=""/>
      <l:template name="lot" text="%t"/>
      <l:template name="msg" text="%t"/>
      <l:template name="msgexplan" text="%t"/>
      <l:template name="msgmain" text="%t"/>
      <l:template name="msgrel" text="%t"/>
      <l:template name="msgset" text="%t"/>
      <l:template name="msgsub" text="%t"/>
      <l:template name="note" text="%t"/>
      <l:template name="orderedlist" text="%t"/>
      <l:template name="part" text="K&#305;s&#305;m %n. %t"/>
      <l:template name="partintro" text="%t"/>
      <l:template name="preface" text="%t"/>
      <l:template name="procedure" text="%t"/>
      <l:template name="procedure.formal" text="Y&#246;nerge %n. %t"/>
      <l:template name="productionset" text="%t"/>
      <l:template name="productionset.formal" text="Prod&#252;ksiyon %n"/>
      <l:template name="qandadiv" text="%t"/>
      <l:template name="qandaentry" text="%t"/>
      <l:template name="qandaset" text="%t"/>
      <l:template name="question" text="%t"/>
      <l:template name="refentry" text="%t"/>
      <l:template name="reference" text="%t"/>
      <l:template name="refsection" text="%t"/>
      <l:template name="refsect1" text="%t"/>
      <l:template name="refsect2" text="%t"/>
      <l:template name="refsect3" text="%t"/>
      <l:template name="refsynopsisdiv" text="%t"/>
      <l:template name="refsynopsisdivinfo" text="%t"/>
      <l:template name="segmentedlist" text="%t"/>
      <l:template name="set" text="%t"/>
      <l:template name="setindex" text="%t"/>
      <l:template name="sidebar" text="%t"/>
      <l:template name="step" text="%t"/>
      <l:template name="table" text="Tablo %n. %t"/>
      <l:template name="task" text="%t"/>
      <l:template name="tip" text="%t"/>
      <l:template name="toc" text="%t"/>
      <l:template name="variablelist" text="%t"/>
      <l:template name="varlistentry" text=""/>
      <l:template name="warning" text="%t"/>
   </l:context>

   <l:context name="title-unnumbered">
      <l:template name="appendix" text="%t"/>
      <l:template name="article/appendix" text="%t"/>
      <l:template name="bridgehead" text="%t"/>
      <l:template name="chapter" text="%t"/>
      <l:template name="sect1" text="%t"/>
      <l:template name="sect2" text="%t"/>
      <l:template name="sect3" text="%t"/>
      <l:template name="sect4" text="%t"/>
      <l:template name="sect5" text="%t"/>
      <l:template name="section" text="%t"/>
      <l:template name="simplesect" text="%t"/>
   </l:context>

   <l:context name="title-numbered">
      <l:template name="appendix" text="Ek %n. %t"/>
      <l:template name="article/appendix" text="%n.&#160;%t"/>
      <l:template name="bridgehead" text="%n. %t"/>
      <l:template name="chapter" text="B&#246;l&#252;m %n. %t"/>
      <l:template name="sect1" text="%n. %t"/>
      <l:template name="sect2" text="%n. %t"/>
      <l:template name="sect3" text="%n. %t"/>
      <l:template name="sect4" text="%n. %t"/>
      <l:template name="sect5" text="%n. %t"/>
      <l:template name="section" text="%n. %t"/>
      <l:template name="simplesect" text="%t"/>
   </l:context>

   <l:context name="subtitle">
      <l:template name="appendix" text="%s"/>
      <l:template name="article" text="%s"/>
      <l:template name="bibliodiv" text="%s"/>
      <l:template name="biblioentry" text="%s"/>
      <l:template name="bibliography" text="%s"/>
      <l:template name="bibliomixed" text="%s"/>
      <l:template name="bibliomset" text="%s"/>
      <l:template name="biblioset" text="%s"/>
      <l:template name="book" text="%s"/>
      <l:template name="chapter" text="%s"/>
      <l:template name="colophon" text="%s"/>
      <l:template name="dedication" text="%s"/>
      <l:template name="glossary" text="%s"/>
      <l:template name="glossdiv" text="%s"/>
      <l:template name="index" text="%s"/>
      <l:template name="indexdiv" text="%s"/>
      <l:template name="lot" text="%s"/>
      <l:template name="part" text="%s"/>
      <l:template name="partintro" text="%s"/>
      <l:template name="preface" text="%s"/>
      <l:template name="refentry" text="%s"/>
      <l:template name="reference" text="%s"/>
      <l:template name="refsection" text="%s"/>
      <l:template name="refsect1" text="%s"/>
      <l:template name="refsect2" text="%s"/>
      <l:template name="refsect3" text="%s"/>
      <l:template name="refsynopsisdiv" text="%s"/>
      <l:template name="sect1" text="%s"/>
      <l:template name="sect2" text="%s"/>
      <l:template name="sect3" text="%s"/>
      <l:template name="sect4" text="%s"/>
      <l:template name="sect5" text="%s"/>
      <l:template name="section" text="%s"/>
      <l:template name="set" text="%s"/>
      <l:template name="setindex" text="%s"/>
      <l:template name="sidebar" text="%s"/>
      <l:template name="simplesect" text="%s"/>
      <l:template name="toc" text="%s"/>
   </l:context>

   <l:context name="xref">
      <l:template name="abstract" text="%t"/>
      <l:template name="answer" text="Cevap: %n"/>
      <l:template name="appendix" text="%t"/>
      <l:template name="article" text="%t"/>
      <l:template name="authorblurb" text="%t"/>
      <l:template name="bibliodiv" text="%t"/>
      <l:template name="bibliography" text="%t"/>
      <l:template name="bibliomset" text="%t"/>
      <l:template name="biblioset" text="%t"/>
      <l:template name="blockquote" text="%t"/>
      <l:template name="book" text="%t"/>
      <l:template name="calloutlist" text="%t"/>
      <l:template name="caution" text="%t"/>
      <l:template name="chapter" text="%t"/>
      <l:template name="colophon" text="%t"/>
      <l:template name="constraintdef" text="%t"/>
      <l:template name="dedication" text="%t"/>
      <l:template name="equation" text="%t"/>
      <l:template name="example" text="%t"/>
      <l:template name="figure" text="%t"/>
      <l:template name="formalpara" text="%t"/>
      <l:template name="glossary" text="%t"/>
      <l:template name="glossdiv" text="%t"/>
      <l:template name="important" text="%t"/>
      <l:template name="index" text="%t"/>
      <l:template name="indexdiv" text="%t"/>
      <l:template name="itemizedlist" text="%t"/>
      <l:template name="legalnotice" text="%t"/>
      <l:template name="listitem" text="%n"/>
      <l:template name="lot" text="%t"/>
      <l:template name="msg" text="%t"/>
      <l:template name="msgexplan" text="%t"/>
      <l:template name="msgmain" text="%t"/>
      <l:template name="msgrel" text="%t"/>
      <l:template name="msgset" text="%t"/>
      <l:template name="msgsub" text="%t"/>
      <l:template name="note" text="%t"/>
      <l:template name="orderedlist" text="%t"/>
      <l:template name="part" text="%t"/>
      <l:template name="partintro" text="%t"/>
      <l:template name="preface" text="%t"/>
      <l:template name="procedure" text="%t"/>
      <l:template name="productionset" text="%t"/>
      <l:template name="qandadiv" text="%t"/>
      <l:template name="qandaentry" text="Soru: %n"/>
      <l:template name="qandaset" text="%t"/>
      <l:template name="question" text="Soru: %n"/>
      <l:template name="reference" text="%t"/>
      <l:template name="refsynopsisdiv" text="%t"/>
      <l:template name="segmentedlist" text="%t"/>
      <l:template name="set" text="%t"/>
      <l:template name="setindex" text="%t"/>
      <l:template name="sidebar" text="%t"/>
      <l:template name="table" text="%t"/>
      <l:template name="tip" text="%t"/>
      <l:template name="toc" text="%t"/>
      <l:template name="variablelist" text="%t"/>
      <l:template name="varlistentry" text="%n"/>
      <l:template name="warning" text="%t"/>
      <l:template name="page.citation" text=" [%p]"/>
      <l:template name="page" text="(sayfa %p)"/>
      <l:template name="pageabbrev" text="(shf. %p)"/>
      <l:template name="Page" text="Sayfa %p"/>
      <l:template name="bridgehead" text=" &#8220;%t&#8221;"/>
      <l:template name="refsection" text=" &#8220;%t&#8221;"/>
      <l:template name="refsect1" text=" &#8220;%t&#8221;"/>
      <l:template name="refsect2" text=" &#8220;%t&#8221;"/>
      <l:template name="refsect3" text=" &#8220;%t&#8221;"/>
      <l:template name="sect1" text=" &#8220;%t&#8221;"/>
      <l:template name="sect2" text=" &#8220;%t&#8221;"/>
      <l:template name="sect3" text=" &#8220;%t&#8221;"/>
      <l:template name="sect4" text=" &#8220;%t&#8221;"/>
      <l:template name="sect5" text=" &#8220;%t&#8221;"/>
      <l:template name="section" text=" &#8220;%t&#8221;"/>
      <l:template name="simplesect" text=" &#8220;%t&#8221;"/>
   </l:context>

   <l:context name="xref-number">
      <l:template name="answer" text="Cevap:&#160;%n"/>
      <l:template name="appendix" text="Ek&#160;%n"/>
      <l:template name="bridgehead" text="K&#305;s&#305;m&#160;%n"/>
      <l:template name="chapter" text="B&#246;l&#252;m&#160;%n"/>
      <l:template name="equation" text="Denklem&#160;%n"/>
      <l:template name="example" text="&#214;rnek&#160;%n"/>
      <l:template name="figure" text="&#350;ekil&#160;%n"/>
      <l:template name="part" text="K&#305;s&#305;m&#160;%n"/>
      <l:template name="procedure" text="Y&#246;nerge&#160;%n"/>
      <l:template name="productionset" text="Prod&#252;ksiyon&#160;%n"/>
      <l:template name="qandadiv" text="S ve C&#160;%n"/>
      <l:template name="qandaentry" text="Soru:&#160;%n"/>
      <l:template name="question" text="Soru:&#160;%n"/>
      <l:template name="sect1" text="K&#305;s&#305;m&#160;%n"/>
      <l:template name="sect2" text="K&#305;s&#305;m&#160;%n"/>
      <l:template name="sect3" text="K&#305;s&#305;m&#160;%n"/>
      <l:template name="sect4" text="K&#305;s&#305;m&#160;%n"/>
      <l:template name="sect5" text="K&#305;s&#305;m&#160;%n"/>
      <l:template name="section" text="K&#305;s&#305;m&#160;%n"/>
      <l:template name="table" text="Tablo&#160;%n"/>
   </l:context>

   <l:context name="xref-number-and-title">
      <l:template name="appendix" text="Ek&#160;%n, %t"/>
      <l:template name="bridgehead" text="K&#305;s&#305;m&#160;%n, &#8220;%t&#8221;"/>
      <l:template name="chapter" text="B&#246;l&#252;m&#160;%n, %t"/>
      <l:template name="equation" text="Denklem&#160;%n, &#8220;%t&#8221;"/>
      <l:template name="example" text="&#214;rnek&#160;%n, &#8220;%t&#8221;"/>
      <l:template name="figure" text="&#350;ekil&#160;%n, &#8220;%t&#8221;"/>
      <l:template name="part" text="K&#305;s&#305;m&#160;%n, &#8220;%t&#8221;"/>
      <l:template name="procedure" text="Y&#246;nerge&#160;%n, &#8220;%t&#8221;"/>
      <l:template name="productionset" text="Prod&#252;ksiyon&#160;%n, &#8220;%t&#8221;"/>
      <l:template name="qandadiv" text="S ve C&#160;%n, &#8220;%t&#8221;"/>
      <l:template name="refsect1" text=" &#8220;%t&#8221;"/>
      <l:template name="refsect2" text=" &#8220;%t&#8221;"/>
      <l:template name="refsect3" text=" &#8220;%t&#8221;"/>
      <l:template name="refsection" text=" &#8220;%t&#8221;"/>
      <l:template name="sect1" text="K&#305;s&#305;m&#160;%n, &#8220;%t&#8221;"/>
      <l:template name="sect2" text="K&#305;s&#305;m&#160;%n, &#8220;%t&#8221;"/>
      <l:template name="sect3" text="K&#305;s&#305;m&#160;%n, &#8220;%t&#8221;"/>
      <l:template name="sect4" text="K&#305;s&#305;m&#160;%n, &#8220;%t&#8221;"/>
      <l:template name="sect5" text="K&#305;s&#305;m&#160;%n, &#8220;%t&#8221;"/>
      <l:template name="section" text="K&#305;s&#305;m&#160;%n, &#8220;%t&#8221;"/>
      <l:template name="simplesect" text=" &#8220;%t&#8221;"/>
      <l:template name="table" text="Tablo&#160;%n, &#8220;%t&#8221;"/>
   </l:context>

   <l:context name="authorgroup">
      <l:template name="sep" text=", "/>
      <l:template name="sep2" text=" ve "/>
      <l:template name="seplast" text=", ve "/>
   </l:context>

   <l:context name="glossary">
      <l:template name="see" text="Bkz. "/>
      <l:template name="seealso" text="Bkz. "/>
   </l:context>

   <l:context name="msgset">
      <l:template name="MsgAud" text="Hedef Okuyucu: "/>
      <l:template name="MsgLevel" text="Level: "/>
      <l:template name="MsgOrig" text="D&#252;zey: "/>
   </l:context>

   <l:context name="datetime">
      <l:template name="format" text="d/m/Y"/>
   </l:context>

   <l:context name="datetime-full">
      <l:template name="January" text="Ocak"/>
      <l:template name="February" text="&#350;ubat"/>
      <l:template name="March" text="Mart"/>
      <l:template name="April" text="Nisan"/>
      <l:template name="May" text="May&#305;s"/>
      <l:template name="June" text="Haziran"/>
      <l:template name="July" text="Temmuz"/>
      <l:template name="August" text="A&#287;ustos"/>
      <l:template name="September" text="Eyl&#252;l"/>
      <l:template name="October" text="Ekim"/>
      <l:template name="November" text="Kas&#305;m"/>
      <l:template name="December" text="Aral&#305;k"/>
      <l:template name="Monday" text="Pazartesi"/>
      <l:template name="Tuesday" text="Sal&#305;"/>
      <l:template name="Wednesday" text="&#199;ar&#351;amba"/>
      <l:template name="Thursday" text="Per&#351;embe"/>
      <l:template name="Friday" text="Cuma"/>
      <l:template name="Saturday" text="Cumartesi"/>
      <l:template name="Sunday" text="Pazar"/>
   </l:context>

   <l:context name="datetime-abbrev">
      <l:template name="Jan" text="Oca"/>
      <l:template name="Feb" text="&#350;ub"/>
      <l:template name="Mar" text="Mar"/>
      <l:template name="Apr" text="Nis"/>
      <l:template name="May" text="May"/>
      <l:template name="Jun" text="Haz"/>
      <l:template name="Jul" text="Tem"/>
      <l:template name="Aug" text="A&#287;u"/>
      <l:template name="Sep" text="Eyl"/>
      <l:template name="Oct" text="Eki"/>
      <l:template name="Nov" text="Kas"/>
      <l:template name="Dec" text="Ara"/>
      <l:template name="Mon" text="Pzt"/>
      <l:template name="Tue" text="Sal"/>
      <l:template name="Wed" text="&#199;ar"/>
      <l:template name="Thu" text="Per"/>
      <l:template name="Fri" text="Cum"/>
      <l:template name="Sat" text="Cts"/>
      <l:template name="Sun" text="Paz"/>
   </l:context>

   <l:context name="htmlhelp">
      <l:template name="langcode" text="0x041f Turkish"/>
   </l:context>

   <l:letters>
      <l:l i="-1"/>
      <l:l i="0">Semboller</l:l>
      <l:l i="1">A</l:l>
      <l:l i="1">a</l:l>
      <l:l i="2">B</l:l>
      <l:l i="2">b</l:l>
      <l:l i="3">C</l:l>
      <l:l i="3">c</l:l>
      <l:l i="4">&#199;</l:l>
      <l:l i="4">&#231;</l:l>
      <l:l i="5">D</l:l>
      <l:l i="5">d</l:l>
      <l:l i="6">E</l:l>
      <l:l i="6">e</l:l>
      <l:l i="7">F</l:l>
      <l:l i="7">f</l:l>
      <l:l i="8">G</l:l>
      <l:l i="8">g</l:l>
      <l:l i="9">&#286;</l:l>
      <l:l i="9">&#287;</l:l>
      <l:l i="10">H</l:l>
      <l:l i="10">h</l:l>
      <l:l i="11">I</l:l>
      <l:l i="11">&#305;</l:l>
      <l:l i="12">&#304;</l:l>
      <l:l i="12">i</l:l>
      <l:l i="13">J</l:l>
      <l:l i="13">j</l:l>
      <l:l i="14">K</l:l>
      <l:l i="14">k</l:l>
      <l:l i="15">L</l:l>
      <l:l i="15">l</l:l>
      <l:l i="16">M</l:l>
      <l:l i="16">m</l:l>
      <l:l i="17">N</l:l>
      <l:l i="17">n</l:l>
      <l:l i="18">O</l:l>
      <l:l i="18">o</l:l>
      <l:l i="19">&#214;</l:l>
      <l:l i="19">&#246;</l:l>
      <l:l i="20">P</l:l>
      <l:l i="20">p</l:l>
      <l:l i="21">R</l:l>
      <l:l i="21">r</l:l>
      <l:l i="22">S</l:l>
      <l:l i="22">s</l:l>
      <l:l i="23">&#350;</l:l>
      <l:l i="23">&#351;</l:l>
      <l:l i="24">T</l:l>
      <l:l i="24">t</l:l>
      <l:l i="25">U</l:l>
      <l:l i="25">u</l:l>
      <l:l i="26">&#220;</l:l>
      <l:l i="26">&#252;</l:l>
      <l:l i="27">V</l:l>
      <l:l i="27">v</l:l>
      <l:l i="28">Y</l:l>
      <l:l i="28">y</l:l>
      <l:l i="29">Z</l:l>
      <l:l i="29">z</l:l>
   </l:letters>
</l:l10n>
