<refentry id="htmlhelp.hhc.width">
<refmeta>
<refentrytitle>htmlhelp.hhc.width</refentrytitle>
<refmiscinfo role="type">integer</refmiscinfo>
</refmeta>
<refnamediv>
<refname>htmlhelp.hhc.width</refname>
<refpurpose>Width of navigation (ToC) pane</refpurpose>
</refnamediv>

<refsynopsisdiv>
<src:fragment id='htmlhelp.hhc.width.frag'>
<xsl:param name="htmlhelp.hhc.width"/>
</src:fragment>
</refsynopsisdiv>

<refsect1><title>Description</title>

<para>This parameter specifies width of ToC pane in pixels.</para>

</refsect1>
</refentry>
