<refentry id="toc.section.depth">
<refmeta>
<refentrytitle>toc.section.depth</refentrytitle>
<refmiscinfo role="type">integer</refmiscinfo>
</refmeta>
<refnamediv>
<refname>toc.section.depth</refname>
<refpurpose>How deep should recursive <sgmltag>section</sgmltag>s appear
in the TOC?</refpurpose>
</refnamediv>

<refsynopsisdiv>
<src:fragment id='toc.section.depth.frag'><xsl:param name="toc.section.depth">2</xsl:param></src:fragment>
</refsynopsisdiv>

<refsect1><title>Description</title>

<para>Specifies the depth to which recursive sections should appear in the
TOC.
</para>

</refsect1>
</refentry>
