﻿<?xml version="1.0" encoding="utf-8"?>
<!-- 
This template was written to work with NHibernate.Test.
Copy the template to your NHibernate.Test project folder and rename it in hibernate.cfg.xml and change it 
for your own use before compile tests in VisualStudio.
-->
<!-- This is the System.Data.dll provider for SQL Server -->
<hibernate-configuration  xmlns="urn:nhibernate-configuration-2.2" >
	<session-factory name="NHibernate.Test">
		<property name="connection.driver_class">NHibernate.Driver.Sql2008ClientDriver</property>
		<property name="connection.connection_string">
			Server=(local);initial catalog=nhibernate;Integrated Security=SSPI
		</property>
		<property name="dialect">NHibernate.Dialect.MsSql2008Dialect</property>
	</session-factory>
</hibernate-configuration>
